response,contrast,H2,Recombination,Map_type,QTL,Repulsion,Matrix,QTL_type,estimate,SE,df,z.ratio,p.value
QTL fixation,negative_QTL - positive_QTL,2,20X,Chr,2,1,CV,DV,-0.948095238097623,0.00541011292048494,Inf,-175.244999879345,0
QTL fixation,negative_QTL - positive_QTL,8,20X,Chr,2,1,CV,DV,-0.994761904770194,0.00541011292048579,Inf,-183.870821069826,0
QTL fixation,negative_QTL - positive_QTL,2,2X,Chr,2,1,CV,DV,-0.943809523817835,0.00541011292048887,Inf,-174.452832628224,0
QTL fixation,negative_QTL - positive_QTL,8,2X,Chr,2,1,CV,DV,-0.997619047619705,0.00541011292048771,Inf,-184.398932569742,0
QTL fixation,negative_QTL - positive_QTL,2,20X,Peri,2,1,CV,DV,-0.945238095238241,0.00541011292048615,Inf,-174.716888377498,0
QTL fixation,negative_QTL - positive_QTL,8,20X,Peri,2,1,CV,DV,-0.994285714286369,0.00541011292048731,Inf,-183.782802484797,0
QTL fixation,negative_QTL - positive_QTL,2,2X,Peri,2,1,CV,DV,-0.951428571429363,0.00541011292048711,Inf,-175.861129963938,0
QTL fixation,negative_QTL - positive_QTL,8,2X,Peri,2,1,CV,DV,-0.997142857142999,0.00541011292048732,Inf,-184.310913986095,0
QTL fixation,negative_QTL - positive_QTL,2,20X,WT,2,1,CV,DV,-0.945238095237153,0.0054101129204886,Inf,-174.716888377218,0
QTL fixation,negative_QTL - positive_QTL,8,20X,WT,2,1,CV,DV,-0.995238095238568,0.00541011292048799,Inf,-183.958839651872,0
QTL fixation,negative_QTL - positive_QTL,2,2X,WT,2,1,CV,DV,-0.946666666667971,0.00541011292048775,Inf,-174.980944128357,0
QTL fixation,negative_QTL - positive_QTL,8,2X,WT,2,1,CV,DV,-0.996666666666759,0.00541011292048745,Inf,-184.222895402516,0
QTL fixation,negative_QTL - positive_QTL,2,20X,Chr,200,1,CV,DV,-0.839525249142504,0.00541011292048771,Inf,-155.177028923607,0
QTL fixation,negative_QTL - positive_QTL,8,20X,Chr,200,1,CV,DV,-0.927120563456365,0.00541011292048743,Inf,-171.368061458657,0
QTL fixation,negative_QTL - positive_QTL,2,2X,Chr,200,1,CV,DV,-0.851510771253962,0.00541011292048799,Inf,-157.39242115064,0
QTL fixation,negative_QTL - positive_QTL,8,2X,Chr,200,1,CV,DV,-0.928870668192601,0.00541011292048759,Inf,-171.691549112599,0
QTL fixation,negative_QTL - positive_QTL,2,20X,Peri,200,1,CV,DV,-0.84223310300477,0.00541011292048741,Inf,-155.67754599268,0
QTL fixation,negative_QTL - positive_QTL,8,20X,Peri,200,1,CV,DV,-0.929125967684658,0.0054101129204874,Inf,-171.738738421924,0
QTL fixation,negative_QTL - positive_QTL,2,2X,Peri,200,1,CV,DV,-0.847720561466316,0.00541011292048742,Inf,-156.691842467115,0
QTL fixation,negative_QTL - positive_QTL,8,2X,Peri,200,1,CV,DV,-0.92921729798504,0.00541011292048736,Inf,-171.755619825646,0
QTL fixation,negative_QTL - positive_QTL,2,20X,WT,200,1,CV,DV,-0.853466328198342,0.00541011292048768,Inf,-157.753884390533,0
QTL fixation,negative_QTL - positive_QTL,8,20X,WT,200,1,CV,DV,-0.930627455185075,0.00541011292048752,Inf,-172.016271908279,0
QTL fixation,negative_QTL - positive_QTL,2,2X,WT,200,1,CV,DV,-0.851337519976643,0.00541011292048747,Inf,-157.360397553391,0
QTL fixation,negative_QTL - positive_QTL,8,2X,WT,200,1,CV,DV,-0.929136367663013,0.00541011292048732,Inf,-171.740660743791,0
QTL fixation,negative_QTL - positive_QTL,2,20X,Chr,2,2,CV,DV,-0.523809523805723,0.00541011292048761,Inf,-96.8204419212958,0
QTL fixation,negative_QTL - positive_QTL,8,20X,Chr,2,2,CV,DV,-0.428571428572644,0.00541011292048725,Inf,-79.2167252091377,0
QTL fixation,negative_QTL - positive_QTL,2,2X,Chr,2,2,CV,DV,-0.517142857143855,0.00541011292048736,Inf,-95.588181752271,0
QTL fixation,negative_QTL - positive_QTL,8,2X,Chr,2,2,CV,DV,-0.419523809523847,0.00541011292048732,Inf,-77.5443721211753,0
QTL fixation,negative_QTL - positive_QTL,2,20X,Peri,2,2,CV,DV,-0.519047619048885,0.00541011292048728,Inf,-95.9402560865837,0
QTL fixation,negative_QTL - positive_QTL,8,20X,Peri,2,2,CV,DV,-0.416190476190134,0.0054101129204873,Inf,-76.9282420361472,0
QTL fixation,negative_QTL - positive_QTL,2,2X,Peri,2,2,CV,DV,-0.532380952380731,0.00541011292048726,Inf,-98.404776426142,0
QTL fixation,negative_QTL - positive_QTL,8,2X,Peri,2,2,CV,DV,-0.421904761904734,0.00541011292048731,Inf,-77.9844650389907,0
QTL fixation,negative_QTL - positive_QTL,2,20X,WT,2,2,CV,DV,-0.515238095239271,0.00541011292048734,Inf,-95.2361074180422,0
QTL fixation,negative_QTL - positive_QTL,8,20X,WT,2,2,CV,DV,-0.429999999999757,0.00541011292048731,Inf,-79.4807809595637,0
QTL fixation,negative_QTL - positive_QTL,2,2X,WT,2,2,CV,DV,-0.516190476190265,0.00541011292048728,Inf,-95.4121445849178,0
QTL fixation,negative_QTL - positive_QTL,8,2X,WT,2,2,CV,DV,-0.410952380952333,0.00541011292048732,Inf,-75.9600376169813,0
QTL fixation,negative_QTL - positive_QTL,2,20X,Chr,200,2,CV,DV,-0.29229236415912,0.00541011292048734,Inf,-54.0270357485978,0
QTL fixation,negative_QTL - positive_QTL,8,20X,Chr,200,2,CV,DV,-0.324187097672093,0.00541011292048727,Inf,-59.9224272093187,0
QTL fixation,negative_QTL - positive_QTL,2,2X,Chr,200,2,CV,DV,-0.296346359862114,0.0054101129204873,Inf,-54.7763723636698,0
QTL fixation,negative_QTL - positive_QTL,8,2X,Chr,200,2,CV,DV,-0.3263972434859,0.00541011292048733,Inf,-60.3309484077273,0
QTL fixation,negative_QTL - positive_QTL,2,20X,Peri,200,2,CV,DV,-0.292356722680838,0.00541011292048734,Inf,-54.0389317150338,0
QTL fixation,negative_QTL - positive_QTL,8,20X,Peri,200,2,CV,DV,-0.325993805800601,0.0054101129204873,Inf,-60.2563773791321,0
QTL fixation,negative_QTL - positive_QTL,2,2X,Peri,200,2,CV,DV,-0.295862899826518,0.00541011292048739,Inf,-54.6870100818273,0
QTL fixation,negative_QTL - positive_QTL,8,2X,Peri,200,2,CV,DV,-0.327583919537358,0.00541011292048736,Inf,-60.5502924526478,0
QTL fixation,negative_QTL - positive_QTL,2,20X,WT,200,2,CV,DV,-0.2965104208134,0.0054101129204873,Inf,-54.8066972300261,0
QTL fixation,negative_QTL - positive_QTL,8,20X,WT,200,2,CV,DV,-0.325945234132218,0.00541011292048734,Inf,-60.2473994392813,0
QTL fixation,negative_QTL - positive_QTL,2,2X,WT,200,2,CV,DV,-0.296224066520801,0.00541011292048732,Inf,-54.7537677816378,0
QTL fixation,negative_QTL - positive_QTL,8,2X,WT,200,2,CV,DV,-0.325045621287939,0.00541011292048725,Inf,-60.0811158778299,0
QTL fixation,negative_QTL - positive_QTL,2,20X,Chr,2,3,CV,DV,-0.384285714280392,0.00541011292048745,Inf,-71.030996936339,0
QTL fixation,negative_QTL - positive_QTL,8,20X,Chr,2,3,CV,DV,-0.333333333335466,0.00541011292048736,Inf,-61.6130084962141,0
QTL fixation,negative_QTL - positive_QTL,2,2X,Chr,2,3,CV,DV,-0.377619047620889,0.00541011292048726,Inf,-69.7987367677492,0
QTL fixation,negative_QTL - positive_QTL,8,2X,Chr,2,3,CV,DV,-0.320476190475916,0.00541011292048726,Inf,-59.236506739503,0
QTL fixation,negative_QTL - positive_QTL,2,20X,Peri,2,3,CV,DV,-0.388095238096156,0.00541011292048736,Inf,-71.7351456060172,0
QTL fixation,negative_QTL - positive_QTL,8,20X,Peri,2,3,CV,DV,-0.310476190475934,0.00541011292048732,Inf,-57.3881164846311,0
QTL fixation,negative_QTL - positive_QTL,2,2X,Peri,2,3,CV,DV,-0.38571428571415,0.00541011292048735,Inf,-71.2950526879954,0
QTL fixation,negative_QTL - positive_QTL,8,2X,Peri,2,3,CV,DV,-0.360476190476168,0.00541011292048735,Inf,-66.6300677590469,0
QTL fixation,negative_QTL - positive_QTL,2,20X,WT,2,3,CV,DV,-0.367142857144002,0.00541011292048733,Inf,-67.8623279291795,0
QTL fixation,negative_QTL - positive_QTL,8,20X,WT,2,3,CV,DV,-0.335238095237788,0.00541011292048732,Inf,-61.9650828300255,0
QTL fixation,negative_QTL - positive_QTL,2,2X,WT,2,3,CV,DV,-0.401904761904655,0.00541011292048733,Inf,-74.2876845292264,0
QTL fixation,negative_QTL - positive_QTL,8,2X,WT,2,3,CV,DV,-0.337142857142845,0.00541011292048734,Inf,-62.3171571643416,0
QTL fixation,negative_QTL - positive_QTL,2,20X,Chr,200,3,CV,DV,-0.0472107701862035,0.00541011292048735,Inf,-8.7263927537303,2.62924449896896e-18
QTL fixation,negative_QTL - positive_QTL,8,20X,Chr,200,3,CV,DV,-0.065146691895953,0.0054101129204874,Inf,-12.0416510437797,2.14616769644186e-33
QTL fixation,negative_QTL - positive_QTL,2,2X,Chr,200,3,CV,DV,-0.0457136052019052,0.00541011292048737,Inf,-8.44965823703863,2.92156780348163e-17
QTL fixation,negative_QTL - positive_QTL,8,2X,Chr,200,3,CV,DV,-0.0672322995601282,0.00541011292048737,Inf,-12.427152731975,1.86147082725562e-35
QTL fixation,negative_QTL - positive_QTL,2,20X,Peri,200,3,CV,DV,-0.0434229669012489,0.00541011292048736,Inf,-8.02625888580109,1.0049004702265e-15
QTL fixation,negative_QTL - positive_QTL,8,20X,Peri,200,3,CV,DV,-0.068712605327306,0.00541011292048739,Inf,-12.7007710074036,5.85500176451314e-37
QTL fixation,negative_QTL - positive_QTL,2,2X,Peri,200,3,CV,DV,-0.0469763783636402,0.00541011292048741,Inf,-8.68306799766539,3.85233926769936e-18
QTL fixation,negative_QTL - positive_QTL,8,2X,Peri,200,3,CV,DV,-0.0659084501169504,0.0054101129204873,Inf,-12.1824536910061,3.85506572520517e-34
QTL fixation,negative_QTL - positive_QTL,2,20X,WT,200,3,CV,DV,-0.0484945509686058,0.00541011292048736,Inf,-8.96368554248906,3.14003564299478e-19
QTL fixation,negative_QTL - positive_QTL,8,20X,WT,200,3,CV,DV,-0.0653795603336351,0.0054101129204873,Inf,-12.0846942188678,1.27242664058148e-33
QTL fixation,negative_QTL - positive_QTL,2,2X,WT,200,3,CV,DV,-0.0465542557706398,0.00541011292048738,Inf,-8.605043268939,7.62879767539949e-18
QTL fixation,negative_QTL - positive_QTL,8,2X,WT,200,3,CV,DV,-0.0675384007189284,0.0054101129204874,Inf,-12.4837321718682,9.15906667417202e-36
QTL fixation,negative_QTL - positive_QTL,2,20X,Chr,2,4,CV,DV,-0.654285714288061,0.00541011292048661,Inf,-120.937533819389,0
QTL fixation,negative_QTL - positive_QTL,8,20X,Chr,2,4,CV,DV,-0.809047619046918,0.00541011292048724,Inf,-149.543573477586,0
QTL fixation,negative_QTL - positive_QTL,2,2X,Chr,2,4,CV,DV,-0.659047619046801,0.00541011292048718,Inf,-121.817719654446,0
QTL fixation,negative_QTL - positive_QTL,8,2X,Chr,2,4,CV,DV,-0.818571428571071,0.00541011292048733,Inf,-151.303945148956,0
QTL fixation,negative_QTL - positive_QTL,2,20X,Peri,2,4,CV,DV,-0.663809523809002,0.00541011292048725,Inf,-122.697905490153,0
QTL fixation,negative_QTL - positive_QTL,8,20X,Peri,2,4,CV,DV,-0.794761904761856,0.00541011292048731,Inf,-146.90301597074,0
QTL fixation,negative_QTL - positive_QTL,2,2X,Peri,2,4,CV,DV,-0.673333333333233,0.00541011292048732,Inf,-124.458277161539,0
QTL fixation,negative_QTL - positive_QTL,8,2X,Peri,2,4,CV,DV,-0.82380952380959,0.00541011292048728,Inf,-152.272149568255,0
QTL fixation,negative_QTL - positive_QTL,2,20X,WT,2,4,CV,DV,-0.6695238095229,0.00541011292048734,Inf,-123.754128492865,0
QTL fixation,negative_QTL - positive_QTL,8,20X,WT,2,4,CV,DV,-0.807142857142835,0.00541011292048733,Inf,-149.191499143447,0
QTL fixation,negative_QTL - positive_QTL,2,2X,WT,2,4,CV,DV,-0.651428571428503,0.00541011292048735,Inf,-120.409422317533,0
QTL fixation,negative_QTL - positive_QTL,8,2X,WT,2,4,CV,DV,-0.809523809523875,0.00541011292048736,Inf,-149.631592061289,0
QTL fixation,negative_QTL - positive_QTL,2,20X,Chr,200,4,CV,DV,-0.0444432384387202,0.0054101129204873,Inf,-8.21484488251997,2.12438687337115e-16
QTL fixation,negative_QTL - positive_QTL,8,20X,Chr,200,4,CV,DV,-0.074549370407013,0.00541011292048731,Inf,-13.7796329767361,3.37986105611268e-43
QTL fixation,negative_QTL - positive_QTL,2,2X,Chr,200,4,CV,DV,-0.0456438972518929,0.00541011292048738,Inf,-8.43677348748962,3.26217801272991e-17
QTL fixation,negative_QTL - positive_QTL,8,2X,Chr,200,4,CV,DV,-0.0722882745654277,0.00541011292048732,Inf,-13.3616942248437,1.01233476897231e-40
QTL fixation,negative_QTL - positive_QTL,2,20X,Peri,200,4,CV,DV,-0.0469612062897211,0.0054101129204873,Inf,-8.68026360630773,3.94852592725164e-18
QTL fixation,negative_QTL - positive_QTL,8,20X,Peri,200,4,CV,DV,-0.0747085793535274,0.00541011292048728,Inf,-13.8090610032588,2.24741958481468e-43
QTL fixation,negative_QTL - positive_QTL,2,2X,Peri,200,4,CV,DV,-0.0453463428284349,0.00541011292048733,Inf,-8.38177381782823,5.21359491203997e-17
QTL fixation,negative_QTL - positive_QTL,8,2X,Peri,200,4,CV,DV,-0.071811119055618,0.00541011292048725,Inf,-13.2734972654047,3.29821271532372e-40
QTL fixation,negative_QTL - positive_QTL,2,20X,WT,200,4,CV,DV,-0.0443490470421865,0.00541011292048736,Inf,-8.19743463657527,2.45571256691425e-16
QTL fixation,negative_QTL - positive_QTL,8,20X,WT,200,4,CV,DV,-0.072259757209015,0.00541011292048729,Inf,-13.356423104475,1.08661438290821e-40
QTL fixation,negative_QTL - positive_QTL,2,2X,WT,200,4,CV,DV,-0.0449351883033468,0.00541011292048735,Inf,-8.30577641608615,9.91688189990947e-17
QTL fixation,negative_QTL - positive_QTL,8,2X,WT,200,4,CV,DV,-0.071839029560494,0.00541011292048731,Inf,-13.2786562159267,3.07869497147557e-40
QTL fixation,negative_QTL - positive_QTL,2,20X,Chr,2,5,CV,DV,-0.352380952376526,0.00541011292048655,Inf,-65.13375183763,0
QTL fixation,negative_QTL - positive_QTL,8,20X,Chr,2,5,CV,DV,-0.389523809525729,0.0054101129204873,Inf,-71.9992013568995,0
QTL fixation,negative_QTL - positive_QTL,2,2X,Chr,2,5,CV,DV,-0.351428571430245,0.0054101129204873,Inf,-64.9577146716174,0
QTL fixation,negative_QTL - positive_QTL,8,2X,Chr,2,5,CV,DV,-0.375714285713908,0.00541011292048736,Inf,-69.4466624330759,0
QTL fixation,negative_QTL - positive_QTL,2,20X,Peri,2,5,CV,DV,-0.358571428571943,0.0054101129204871,Inf,-66.2779934248875,0
QTL fixation,negative_QTL - positive_QTL,8,20X,Peri,2,5,CV,DV,-0.38428571428548,0.00541011292048735,Inf,-71.0309969372808,0
QTL fixation,negative_QTL - positive_QTL,2,2X,Peri,2,5,CV,DV,-0.327142857142828,0.0054101129204873,Inf,-60.4687669094644,0
QTL fixation,negative_QTL - positive_QTL,8,2X,Peri,2,5,CV,DV,-0.39380952380951,0.00541011292048734,Inf,-72.7913686086307,0
QTL fixation,negative_QTL - positive_QTL,2,20X,WT,2,5,CV,DV,-0.335714285715107,0.0054101129204873,Inf,-62.0531014137998,0
QTL fixation,negative_QTL - positive_QTL,8,20X,WT,2,5,CV,DV,-0.371904761904506,0.00541011292048741,Inf,-68.7425137645741,0
QTL fixation,negative_QTL - positive_QTL,2,2X,WT,2,5,CV,DV,-0.355714285714227,0.00541011292048734,Inf,-65.7498819233859,0
QTL fixation,negative_QTL - positive_QTL,8,2X,WT,2,5,CV,DV,-0.388095238095226,0.00541011292048733,Inf,-71.7351456058458,0
QTL fixation,negative_QTL - positive_QTL,2,20X,Chr,200,5,CV,DV,0.0377020991744454,0.00541011292048715,Inf,6.96881927023633,3.19611963804429e-12
QTL fixation,negative_QTL - positive_QTL,8,20X,Chr,200,5,CV,DV,-0.0301692394685317,0.00541011292048727,Inf,-5.5764528230613,2.45472445228447e-08
QTL fixation,negative_QTL - positive_QTL,2,2X,Chr,200,5,CV,DV,0.0315498022348418,0.00541011292048737,Inf,5.83163469941024,5.48869774474014e-09
QTL fixation,negative_QTL - positive_QTL,8,2X,Chr,200,5,CV,DV,-0.0295048214854348,0.00541011292048732,Inf,-5.45364245054928,4.93483790531102e-08
QTL fixation,negative_QTL - positive_QTL,2,20X,Peri,200,5,CV,DV,0.0381861067408974,0.00541011292048729,Inf,7.05828275714769,1.68572777258388e-12
QTL fixation,negative_QTL - positive_QTL,8,20X,Peri,200,5,CV,DV,-0.0300795410336834,0.00541011292048732,Inf,-5.55987305177614,2.6997094882318e-08
QTL fixation,negative_QTL - positive_QTL,2,2X,Peri,200,5,CV,DV,0.0309090557848052,0.00541011292048734,Inf,5.71319975000094,1.10871408337937e-08
QTL fixation,negative_QTL - positive_QTL,8,2X,Peri,200,5,CV,DV,-0.0270424571742262,0.00541011292048737,Inf,-4.99850143087034,5.77775781492563e-07
QTL fixation,negative_QTL - positive_QTL,2,20X,WT,200,5,CV,DV,0.0315858865778966,0.00541011292048737,Inf,5.83830449421584,5.27347150847763e-09
QTL fixation,negative_QTL - positive_QTL,8,20X,WT,200,5,CV,DV,-0.0287025505464938,0.00541011292048732,Inf,-5.30535147201852,1.12456103069686e-07
QTL fixation,negative_QTL - positive_QTL,2,2X,WT,200,5,CV,DV,0.0337668964338599,0.00541011292048732,Inf,6.2414402305707,4.33560107716116e-10
QTL fixation,negative_QTL - positive_QTL,8,2X,WT,200,5,CV,DV,-0.0288322124209605,0.0054101129204873,Inf,-5.32931804653784,9.85822288875735e-08
QTL fixation,negative_QTL - positive_QTL,2,20X,Chr,2,1,GW,DV,-0.972380952386785,0.00541011292048703,Inf,-179.733947641753,0
QTL fixation,negative_QTL - positive_QTL,8,20X,Chr,2,1,GW,DV,-0.999285714286444,0.0054101129204868,Inf,-184.706997612266,0
QTL fixation,negative_QTL - positive_QTL,2,2X,Chr,2,1,GW,DV,-0.978571428572674,0.00541011292048765,Inf,-180.878189227235,0
QTL fixation,negative_QTL - positive_QTL,8,2X,Chr,2,1,GW,DV,-0.998333333333703,0.00541011292048729,Inf,-184.530960445052,0
QTL fixation,negative_QTL - positive_QTL,2,20X,Peri,2,1,GW,DV,-0.969285714287065,0.00541011292048717,Inf,-179.161826847744,0
QTL fixation,negative_QTL - positive_QTL,8,20X,Peri,2,1,GW,DV,-0.998571428571567,0.00541011292048719,Inf,-184.574969736795,0
QTL fixation,negative_QTL - positive_QTL,2,2X,Peri,2,1,GW,DV,-0.970952380952613,0.00541011292048721,Inf,-179.469891890015,0
QTL fixation,negative_QTL - positive_QTL,8,2X,Peri,2,1,GW,DV,-0.998333333333273,0.00541011292048719,Inf,-184.530960444976,0
QTL fixation,negative_QTL - positive_QTL,2,20X,WT,2,1,GW,DV,-0.974047619048913,0.00541011292048768,Inf,-180.042012683371,0
QTL fixation,negative_QTL - positive_QTL,8,20X,WT,2,1,GW,DV,-0.999047619047928,0.00541011292048732,Inf,-184.662988320388,0
QTL fixation,negative_QTL - positive_QTL,2,2X,WT,2,1,GW,DV,-0.972380952381077,0.00541011292048729,Inf,-179.733947640689,0
QTL fixation,negative_QTL - positive_QTL,8,2X,WT,2,1,GW,DV,-0.998809523809446,0.00541011292048723,Inf,-184.618979028537,0
QTL fixation,negative_QTL - positive_QTL,2,20X,Chr,200,1,GW,DV,-0.836440370647306,0.00541011292048746,Inf,-154.606822988815,0
QTL fixation,negative_QTL - positive_QTL,8,20X,Chr,200,1,GW,DV,-0.915013157523764,0.0054101129204873,Inf,-169.130140344898,0
QTL fixation,negative_QTL - positive_QTL,2,2X,Chr,200,1,GW,DV,-0.847345732566032,0.00541011292048742,Inf,-156.622559458462,0
QTL fixation,negative_QTL - positive_QTL,8,2X,Chr,200,1,GW,DV,-0.918096015494955,0.00541011292048727,Inf,-169.69997280801,0
QTL fixation,negative_QTL - positive_QTL,2,20X,Peri,200,1,GW,DV,-0.837835326310247,0.00541011292048734,Inf,-154.864665234155,0
QTL fixation,negative_QTL - positive_QTL,8,20X,Peri,200,1,GW,DV,-0.914875115969743,0.00541011292048728,Inf,-169.104624878577,0
QTL fixation,negative_QTL - positive_QTL,2,2X,Peri,200,1,GW,DV,-0.843339853083895,0.00541011292048726,Inf,-155.882116598768,0
QTL fixation,negative_QTL - positive_QTL,8,2X,Peri,200,1,GW,DV,-0.917693385182031,0.00541011292048727,Inf,-169.625551013338,0
QTL fixation,negative_QTL - positive_QTL,2,20X,WT,200,1,GW,DV,-0.847849958984737,0.00541011292048729,Inf,-156.715760178324,0
QTL fixation,negative_QTL - positive_QTL,8,20X,WT,200,1,GW,DV,-0.920759795702438,0.00541011292048735,Inf,-170.192343345672,0
QTL fixation,negative_QTL - positive_QTL,2,2X,WT,200,1,GW,DV,-0.851565687537867,0.00541011292048729,Inf,-157.40257182306,0
QTL fixation,negative_QTL - positive_QTL,8,2X,WT,200,1,GW,DV,-0.920473757535658,0.00541011292048732,Inf,-170.139472329673,0
QTL fixation,negative_QTL - positive_QTL,2,20X,Chr,2,2,GW,DV,-0.400714285715788,0.00541011292048739,Inf,-74.0676380706096,0
QTL fixation,negative_QTL - positive_QTL,8,20X,Chr,2,2,GW,DV,-0.379999999999993,0.00541011292048735,Inf,-70.2388296852337,0
QTL fixation,negative_QTL - positive_QTL,2,2X,Chr,2,2,GW,DV,-0.429047619047564,0.00541011292048734,Inf,-79.3047437924671,0
QTL fixation,negative_QTL - positive_QTL,8,2X,Chr,2,2,GW,DV,-0.395714285714269,0.00541011292048734,Inf,-73.143442942892,0
QTL fixation,negative_QTL - positive_QTL,2,20X,Peri,2,2,GW,DV,-0.422142857142394,0.00541011292048734,Inf,-78.0284743306926,0
QTL fixation,negative_QTL - positive_QTL,8,20X,Peri,2,2,GW,DV,-0.390000000000032,0.00541011292048727,Inf,-72.0872199401165,0
QTL fixation,negative_QTL - positive_QTL,2,2X,Peri,2,2,GW,DV,-0.441666666666696,0.00541011292048729,Inf,-81.637236256968,0
QTL fixation,negative_QTL - positive_QTL,8,2X,Peri,2,2,GW,DV,-0.384285714285726,0.00541011292048724,Inf,-71.0309969373276,0
QTL fixation,negative_QTL - positive_QTL,2,20X,WT,2,2,GW,DV,-0.437619047618617,0.00541011292048734,Inf,-80.8890782965758,0
QTL fixation,negative_QTL - positive_QTL,8,20X,WT,2,2,GW,DV,-0.396904761904764,0.00541011292048736,Inf,-73.3634894018089,0
QTL fixation,negative_QTL - positive_QTL,2,2X,WT,2,2,GW,DV,-0.446666666666686,0.00541011292048734,Inf,-82.5614313844028,0
QTL fixation,negative_QTL - positive_QTL,8,2X,WT,2,2,GW,DV,-0.391904761904771,0.00541011292048739,Inf,-72.4392942743726,0
QTL fixation,negative_QTL - positive_QTL,2,20X,Chr,200,2,GW,DV,-0.287465890717441,0.0054101129204874,Inf,-53.1349151010961,0
QTL fixation,negative_QTL - positive_QTL,8,20X,Chr,200,2,GW,DV,-0.314682054237532,0.00541011292048733,Inf,-58.1655242436578,0
QTL fixation,negative_QTL - positive_QTL,2,2X,Chr,200,2,GW,DV,-0.291570097792156,0.0054101129204873,Inf,-53.8935327371861,0
QTL fixation,negative_QTL - positive_QTL,8,2X,Chr,200,2,GW,DV,-0.31738158574265,0.00541011292048719,Inf,-58.664503016338,0
QTL fixation,negative_QTL - positive_QTL,2,20X,Peri,200,2,GW,DV,-0.287977706926223,0.00541011292048737,Inf,-53.2295187103563,0
QTL fixation,negative_QTL - positive_QTL,8,20X,Peri,200,2,GW,DV,-0.316092953169887,0.00541011292048735,Inf,-58.4263134273753,0
QTL fixation,negative_QTL - positive_QTL,2,2X,Peri,200,2,GW,DV,-0.292327845846434,0.00541011292048728,Inf,-54.0335941491041,0
QTL fixation,negative_QTL - positive_QTL,8,2X,Peri,200,2,GW,DV,-0.317307288483414,0.0054101129204874,Inf,-58.6507699833422,0
QTL fixation,negative_QTL - positive_QTL,2,20X,WT,200,2,GW,DV,-0.294423771211499,0.00541011292048738,Inf,-54.4210029510761,0
QTL fixation,negative_QTL - positive_QTL,8,20X,WT,200,2,GW,DV,-0.321098511227605,0.00541011292048739,Inf,-59.3515359007845,0
QTL fixation,negative_QTL - positive_QTL,2,2X,WT,200,2,GW,DV,-0.295871875541035,0.00541011292048742,Inf,-54.6886691441513,0
QTL fixation,negative_QTL - positive_QTL,8,2X,WT,200,2,GW,DV,-0.319635520958712,0.0054101129204873,Inf,-59.0811182051855,0
QTL fixation,negative_QTL - positive_QTL,2,20X,Chr,2,3,GW,DV,-0.237380952382993,0.00541011292048746,Inf,-43.8772639077568,0
QTL fixation,negative_QTL - positive_QTL,8,20X,Chr,2,3,GW,DV,-0.263333333333101,0.00541011292048732,Inf,-48.6742767116552,0
QTL fixation,negative_QTL - positive_QTL,2,2X,Chr,2,3,GW,DV,-0.264761904761845,0.00541011292048737,Inf,-48.938332462383,0
QTL fixation,negative_QTL - positive_QTL,8,2X,Chr,2,3,GW,DV,-0.278809523809548,0.0054101129204873,Inf,-51.5348806775802,0
QTL fixation,negative_QTL - positive_QTL,2,20X,Peri,2,3,GW,DV,-0.238809523809428,0.00541011292048736,Inf,-44.1413196580591,0
QTL fixation,negative_QTL - positive_QTL,8,20X,Peri,2,3,GW,DV,-0.274999999999998,0.00541011292048727,Inf,-50.830732009052,0
QTL fixation,negative_QTL - positive_QTL,2,2X,Peri,2,3,GW,DV,-0.273095238095172,0.00541011292048736,Inf,-50.4786576747775,0
QTL fixation,negative_QTL - positive_QTL,8,2X,Peri,2,3,GW,DV,-0.28166666666667,0.00541011292048718,Inf,-52.0629921789702,0
QTL fixation,negative_QTL - positive_QTL,2,20X,WT,2,3,GW,DV,-0.284285714285532,0.00541011292048732,Inf,-52.5470943885447,0
QTL fixation,negative_QTL - positive_QTL,8,20X,WT,2,3,GW,DV,-0.2852380952381,0.00541011292048733,Inf,-52.72313155571,0
QTL fixation,negative_QTL - positive_QTL,2,2X,WT,2,3,GW,DV,-0.283571428571374,0.00541011292048734,Inf,-52.4150665132198,0
QTL fixation,negative_QTL - positive_QTL,8,2X,WT,2,3,GW,DV,-0.261428571428572,0.00541011292048742,Inf,-48.3222023774356,0
QTL fixation,negative_QTL - positive_QTL,2,20X,Chr,200,3,GW,DV,-0.0310740238175091,0.00541011292048741,Inf,-5.74369228040246,9.26340641007686e-09
QTL fixation,negative_QTL - positive_QTL,8,20X,Chr,200,3,GW,DV,-0.0524803580749484,0.00541011292048738,Inf,-9.70041824380639,3.00265230748543e-22
QTL fixation,negative_QTL - positive_QTL,2,2X,Chr,200,3,GW,DV,-0.0355814382299786,0.00541011292048739,Inf,-6.57683836787146,4.8055666215223e-11
QTL fixation,negative_QTL - positive_QTL,8,2X,Chr,200,3,GW,DV,-0.0579498502566949,0.00541011292048739,Inf,-10.7113938485916,8.99964787802232e-27
QTL fixation,negative_QTL - positive_QTL,2,20X,Peri,200,3,GW,DV,-0.0310689188035417,0.00541011292048733,Inf,-5.7427486745957,9.31519335902416e-09
QTL fixation,negative_QTL - positive_QTL,8,20X,Peri,200,3,GW,DV,-0.0558172606651706,0.00541011292048721,Inf,-10.31720806673,5.89113187103422e-25
QTL fixation,negative_QTL - positive_QTL,2,2X,Peri,200,3,GW,DV,-0.0384282491975628,0.00541011292048743,Inf,-7.10304013286669,1.22041945340102e-12
QTL fixation,negative_QTL - positive_QTL,8,2X,Peri,200,3,GW,DV,-0.0587415783132762,0.00541011292048741,Inf,-10.8577360910212,1.83235521402133e-27
QTL fixation,negative_QTL - positive_QTL,2,20X,WT,200,3,GW,DV,-0.0384225674763117,0.00541011292048733,Inf,-7.10198992904768,1.22973194248726e-12
QTL fixation,negative_QTL - positive_QTL,8,20X,WT,200,3,GW,DV,-0.0609864836681409,0.00541011292048735,Inf,-11.2726822091261,1.79031505331121e-29
QTL fixation,negative_QTL - positive_QTL,2,2X,WT,200,3,GW,DV,-0.0390461360490832,0.00541011292048738,Inf,-7.21724973636331,5.30495011264578e-13
QTL fixation,negative_QTL - positive_QTL,8,2X,WT,200,3,GW,DV,-0.0581332533813449,0.0054101129204874,Inf,-10.7452939034233,6.23629844778896e-27
QTL fixation,negative_QTL - positive_QTL,2,20X,Chr,2,4,GW,DV,-0.575238095237676,0.00541011292048703,Inf,-106.326448947001,0
QTL fixation,negative_QTL - positive_QTL,8,20X,Chr,2,4,GW,DV,-0.764999999999708,0.00541011292048724,Inf,-141.401854497856,0
QTL fixation,negative_QTL - positive_QTL,2,2X,Chr,2,4,GW,DV,-0.57023809523809,0.00541011292048731,Inf,-105.402253819635,0
QTL fixation,negative_QTL - positive_QTL,8,2X,Chr,2,4,GW,DV,-0.792380952380769,0.00541011292048731,Inf,-146.462923052888,0
QTL fixation,negative_QTL - positive_QTL,2,20X,Peri,2,4,GW,DV,-0.570476190476042,0.0054101129204873,Inf,-105.446263111391,0
QTL fixation,negative_QTL - positive_QTL,8,20X,Peri,2,4,GW,DV,-0.763333333333386,0.00541011292048728,Inf,-141.09378945544,0
QTL fixation,negative_QTL - positive_QTL,2,2X,Peri,2,4,GW,DV,-0.56166666666674,0.00541011292048725,Inf,-103.817919315472,0
QTL fixation,negative_QTL - positive_QTL,8,2X,Peri,2,4,GW,DV,-0.773333333333345,0.00541011292048712,Inf,-142.942179710311,0
QTL fixation,negative_QTL - positive_QTL,2,20X,WT,2,4,GW,DV,-0.592142857142829,0.00541011292048731,Inf,-109.451108663642,0
QTL fixation,negative_QTL - positive_QTL,8,20X,WT,2,4,GW,DV,-0.775714285714333,0.0054101129204873,Inf,-143.38227262814,0
QTL fixation,negative_QTL - positive_QTL,2,2X,WT,2,4,GW,DV,-0.572619047619105,0.00541011292048731,Inf,-105.842346737474,0
QTL fixation,negative_QTL - positive_QTL,8,2X,WT,2,4,GW,DV,-0.791190476190491,0.00541011292048732,Inf,-146.242876594011,0
QTL fixation,negative_QTL - positive_QTL,2,20X,Chr,200,4,GW,DV,-0.0418890485988006,0.00541011292048731,Inf,-7.74273092159922,9.73038270350704e-15
QTL fixation,negative_QTL - positive_QTL,8,20X,Chr,200,4,GW,DV,-0.0676579041945794,0.00541011292048728,Inf,-12.5058210778502,6.93792292083698e-36
QTL fixation,negative_QTL - positive_QTL,2,2X,Chr,200,4,GW,DV,-0.0435349073837922,0.00541011292048737,Inf,-8.04694985550696,8.48829398627492e-16
QTL fixation,negative_QTL - positive_QTL,8,2X,Chr,200,4,GW,DV,-0.0690803676129137,0.00541011292048736,Inf,-12.7687478298865,2.45065122977373e-37
QTL fixation,negative_QTL - positive_QTL,2,20X,Peri,200,4,GW,DV,-0.0433528923720145,0.00541011292048728,Inf,-8.01330637810602,1.11665002911286e-15
QTL fixation,negative_QTL - positive_QTL,8,20X,Peri,200,4,GW,DV,-0.067764717221521,0.0054101129204873,Inf,-12.5255642936594,5.41051599734844e-36
QTL fixation,negative_QTL - positive_QTL,2,2X,Peri,200,4,GW,DV,-0.0434387756643223,0.0054101129204873,Inf,-8.02918096216182,9.81255309561885e-16
QTL fixation,negative_QTL - positive_QTL,8,2X,Peri,200,4,GW,DV,-0.0691549393535043,0.00541011292048737,Inf,-12.7825315977461,2.05277239616446e-37
QTL fixation,negative_QTL - positive_QTL,2,20X,WT,200,4,GW,DV,-0.0441263913939312,0.0054101129204873,Inf,-8.15627918353257,3.45503297680565e-16
QTL fixation,negative_QTL - positive_QTL,8,20X,WT,200,4,GW,DV,-0.0689721576998303,0.00541011292048733,Inf,-12.7487464150041,3.16798506883381e-37
QTL fixation,negative_QTL - positive_QTL,2,2X,WT,200,4,GW,DV,-0.0432652164370112,0.00541011292048732,Inf,-7.99710044372125,1.27383321734199e-15
QTL fixation,negative_QTL - positive_QTL,8,2X,WT,200,4,GW,DV,-0.0701930576344233,0.00541011292048749,Inf,-12.9744163691316,1.70893077857415e-38
QTL fixation,negative_QTL - positive_QTL,2,20X,Chr,2,5,GW,DV,-0.16619047619213,0.005410112920487,Inf,-30.7184856646523,3.22431514824888e-207
QTL fixation,negative_QTL - positive_QTL,8,20X,Chr,2,5,GW,DV,-0.28690476190457,0.00541011292048725,Inf,-53.0311965981535,0
QTL fixation,negative_QTL - positive_QTL,2,2X,Chr,2,5,GW,DV,-0.199047619047548,0.00541011292048732,Inf,-36.7917679303483,2.5000005155561e-296
QTL fixation,negative_QTL - positive_QTL,8,2X,Chr,2,5,GW,DV,-0.302380952380957,0.00541011292048724,Inf,-55.8918005640674,0
QTL fixation,negative_QTL - positive_QTL,2,20X,Peri,2,5,GW,DV,-0.169285714285833,0.0054101129204873,Inf,-31.2906064575424,6.26288356333351e-215
QTL fixation,negative_QTL - positive_QTL,8,20X,Peri,2,5,GW,DV,-0.302619047619031,0.00541011292048727,Inf,-55.9358098558458,0
QTL fixation,negative_QTL - positive_QTL,2,2X,Peri,2,5,GW,DV,-0.205238095238009,0.0054101129204873,Inf,-37.9360095166965,0
QTL fixation,negative_QTL - positive_QTL,8,2X,Peri,2,5,GW,DV,-0.301666666666675,0.00541011292048727,Inf,-55.7597726887197,0
QTL fixation,negative_QTL - positive_QTL,2,20X,WT,2,5,GW,DV,-0.185952380952358,0.00541011292048738,Inf,-34.3712568823067,6.7803759969428e-259
QTL fixation,negative_QTL - positive_QTL,8,20X,WT,2,5,GW,DV,-0.292619047619036,0.00541011292048731,Inf,-54.0874196009717,0
QTL fixation,negative_QTL - positive_QTL,2,2X,WT,2,5,GW,DV,-0.186666666666581,0.00541011292048737,Inf,-34.5032847576434,7.16132924495577e-261
QTL fixation,negative_QTL - positive_QTL,8,2X,WT,2,5,GW,DV,-0.314761904761915,0.0054101129204873,Inf,-58.1802837367697,0
QTL fixation,negative_QTL - positive_QTL,2,20X,Chr,200,5,GW,DV,0.062691091373216,0.00541011292048731,Inf,11.5877602361707,4.75401714705156e-31
QTL fixation,negative_QTL - positive_QTL,2,2X,Chr,200,5,GW,DV,0.0492228922806485,0.00541011292048732,Inf,9.09831144082936,9.17470827101268e-20
QTL fixation,negative_QTL - positive_QTL,8,2X,Chr,200,5,GW,DV,-0.016326342212361,0.00541011292048723,Inf,-3.01774518430767,0.00254662940162227
QTL fixation,negative_QTL - positive_QTL,2,20X,Peri,200,5,GW,DV,0.0596443976446486,0.00541011292048727,Inf,11.0246123364236,2.90768591287155e-28
QTL fixation,negative_QTL - positive_QTL,8,20X,Peri,200,5,GW,DV,-0.012617088574453,0.00541011292048722,Inf,-2.33213035659091,0.0196938345135917
QTL fixation,negative_QTL - positive_QTL,2,2X,Peri,200,5,GW,DV,0.051321798496555,0.00541011292048731,Inf,9.48627122036711,2.39446478651407e-21
QTL fixation,negative_QTL - positive_QTL,8,2X,Peri,200,5,GW,DV,-0.0132153282110547,0.00541011292048732,Inf,-2.4427083880283,0.0145775109367144
QTL fixation,negative_QTL - positive_QTL,2,20X,WT,200,5,GW,DV,0.0488838628186678,0.00541011292048735,Inf,9.03564556546526,1.63037226421939e-19
QTL fixation,negative_QTL - positive_QTL,8,20X,WT,200,5,GW,DV,-0.0166408283686795,0.00541011292048733,Inf,-3.07587449897082,0.00209886167865052
QTL fixation,negative_QTL - positive_QTL,2,2X,WT,200,5,GW,DV,0.0485768173671455,0.00541011292048732,Inf,8.97889158342555,2.73508118897688e-19
QTL fixation,negative_QTL - positive_QTL,8,2X,WT,200,5,GW,DV,-0.0152696599880046,0.00541011292048749,Inf,-2.82242907170756,0.0047661363404997
QTL fixation,negative_QTL - positive_QTL,2,20X,Chr,2,1,CV,R,-0.930476190485167,0.00541011292048726,Inf,-171.988312288566,0
QTL fixation,negative_QTL - positive_QTL,8,20X,Chr,2,1,CV,R,-0.9957142857155,0.00541011292048664,Inf,-184.04685823562,0
QTL fixation,negative_QTL - positive_QTL,2,2X,Chr,2,1,CV,R,-0.936666666668949,0.00541011292048774,Inf,-173.132553873664,0
QTL fixation,negative_QTL - positive_QTL,8,2X,Chr,2,1,CV,R,-0.996666666666767,0.00541011292048738,Inf,-184.22289540252,0
QTL fixation,negative_QTL - positive_QTL,2,20X,Peri,2,1,CV,R,-0.929523809524729,0.00541011292048707,Inf,-171.812275119952,0
QTL fixation,negative_QTL - positive_QTL,8,20X,Peri,2,1,CV,R,-0.995238095238074,0.00541011292048718,Inf,-183.958839651808,0
QTL fixation,negative_QTL - positive_QTL,2,2X,Peri,2,1,CV,R,-0.943809523809485,0.00541011292048726,Inf,-174.452832626732,0
QTL fixation,negative_QTL - positive_QTL,8,2X,Peri,2,1,CV,R,-0.997142857142695,0.00541011292048727,Inf,-184.310913986041,0
QTL fixation,negative_QTL - positive_QTL,2,20X,WT,2,1,CV,R,-0.930000000000987,0.00541011292048756,Inf,-171.900293703514,0
QTL fixation,negative_QTL - positive_QTL,8,20X,WT,2,1,CV,R,-0.997619047619082,0.00541011292048729,Inf,-184.398932569642,0
QTL fixation,negative_QTL - positive_QTL,2,2X,WT,2,1,CV,R,-0.937142857142762,0.0054101129204873,Inf,-173.220572456804,0
QTL fixation,negative_QTL - positive_QTL,8,2X,WT,2,1,CV,R,-0.99428571428556,0.0054101129204873,Inf,-183.782802484648,0
QTL fixation,negative_QTL - positive_QTL,2,20X,Chr,200,1,CV,R,-0.791533983251142,0.00541011292048758,Inf,-146.306370104343,0
QTL fixation,negative_QTL - positive_QTL,8,20X,Chr,200,1,CV,R,-0.883969360482635,0.00541011292048732,Inf,-163.392035152385,0
QTL fixation,negative_QTL - positive_QTL,2,2X,Chr,200,1,CV,R,-0.801717239234095,0.00541011292048743,Inf,-148.188633216525,0
QTL fixation,negative_QTL - positive_QTL,8,2X,Chr,200,1,CV,R,-0.893480120866892,0.00541011292048736,Inf,-165.149994833454,0
QTL fixation,negative_QTL - positive_QTL,2,20X,Peri,200,1,CV,R,-0.799404378403665,0.00541011292048741,Inf,-147.761126274541,0
QTL fixation,negative_QTL - positive_QTL,8,20X,Peri,200,1,CV,R,-0.889823983666094,0.0054101129204873,Inf,-164.474197996212,0
QTL fixation,negative_QTL - positive_QTL,2,2X,Peri,200,1,CV,R,-0.802489311952728,0.00541011292048741,Inf,-148.331342385443,0
QTL fixation,negative_QTL - positive_QTL,8,2X,Peri,200,1,CV,R,-0.891380110050469,0.00541011292048736,Inf,-164.761830880634,0
QTL fixation,negative_QTL - positive_QTL,2,20X,WT,200,1,CV,R,-0.804437760979649,0.00541011292048732,Inf,-148.691491804794,0
QTL fixation,negative_QTL - positive_QTL,8,20X,WT,200,1,CV,R,-0.893490705661705,0.00541011292048729,Inf,-165.151951316614,0
QTL fixation,negative_QTL - positive_QTL,2,2X,WT,200,1,CV,R,-0.804783010905935,0.00541011292048728,Inf,-148.755307464719,0
QTL fixation,negative_QTL - positive_QTL,8,2X,WT,200,1,CV,R,-0.892669967370236,0.00541011292048726,Inf,-165.00024685064,0
QTL fixation,negative_QTL - positive_QTL,2,20X,Chr,2,2,CV,R,-0.536190476191346,0.00541011292048743,Inf,-99.1089250948643,0
QTL fixation,negative_QTL - positive_QTL,8,20X,Chr,2,2,CV,R,-0.438571428571415,0.00541011292048732,Inf,-81.0651154637841,0
QTL fixation,negative_QTL - positive_QTL,2,2X,Chr,2,2,CV,R,-0.540952380952253,0.00541011292048731,Inf,-99.9891109303366,0
QTL fixation,negative_QTL - positive_QTL,8,2X,Chr,2,2,CV,R,-0.444285714285693,0.00541011292048725,Inf,-82.1213384665692,0
QTL fixation,negative_QTL - positive_QTL,2,20X,Peri,2,2,CV,R,-0.545238095237837,0.00541011292048732,Inf,-100.781278182401,0
QTL fixation,negative_QTL - positive_QTL,8,20X,Peri,2,2,CV,R,-0.451904761904782,0.00541011292048725,Inf,-83.5296358036244,0
QTL fixation,negative_QTL - positive_QTL,2,2X,Peri,2,2,CV,R,-0.538095238095263,0.00541011292048728,Inf,-99.4609994289728,0
QTL fixation,negative_QTL - positive_QTL,8,2X,Peri,2,2,CV,R,-0.454761904761909,0.00541011292048731,Inf,-84.0577473050132,0
QTL fixation,negative_QTL - positive_QTL,2,20X,WT,2,2,CV,R,-0.542857142856865,0.00541011292048735,Inf,-100.34118526457,0
QTL fixation,negative_QTL - positive_QTL,8,20X,WT,2,2,CV,R,-0.452857142857143,0.00541011292048735,Inf,-83.7056729707499,0
QTL fixation,negative_QTL - positive_QTL,2,2X,WT,2,2,CV,R,-0.533809523809563,0.00541011292048737,Inf,-98.6688321768847,0
QTL fixation,negative_QTL - positive_QTL,8,2X,WT,2,2,CV,R,-0.462857142857149,0.00541011292048732,Inf,-85.5540632256262,0
QTL fixation,negative_QTL - positive_QTL,2,20X,Chr,200,2,CV,R,-0.278700079298412,0.00541011292048735,Inf,-51.5146510607965,0
QTL fixation,negative_QTL - positive_QTL,8,20X,Chr,200,2,CV,R,-0.312008821638028,0.00541011292048727,Inf,-57.6714065350648,0
QTL fixation,negative_QTL - positive_QTL,2,2X,Chr,200,2,CV,R,-0.279705868051273,0.00541011292048733,Inf,-51.7005600737216,0
QTL fixation,negative_QTL - positive_QTL,8,2X,Chr,200,2,CV,R,-0.314349612091897,0.00541011292048735,Inf,-58.1040759614274,0
QTL fixation,negative_QTL - positive_QTL,2,20X,Peri,200,2,CV,R,-0.280166490187592,0.00541011292048734,Inf,-51.7857010205168,0
QTL fixation,negative_QTL - positive_QTL,8,20X,Peri,200,2,CV,R,-0.311763141137637,0.00541011292048727,Inf,-57.6259951907913,0
QTL fixation,negative_QTL - positive_QTL,2,2X,Peri,200,2,CV,R,-0.283439730867614,0.00541011292048731,Inf,-52.3907236379981,0
QTL fixation,negative_QTL - positive_QTL,8,2X,Peri,200,2,CV,R,-0.31469326543844,0.00541011292048754,Inf,-58.1675965111058,0
QTL fixation,negative_QTL - positive_QTL,2,20X,WT,200,2,CV,R,-0.281537711059551,0.00541011292048734,Inf,-52.0391561502177,0
QTL fixation,negative_QTL - positive_QTL,8,20X,WT,200,2,CV,R,-0.315923580409611,0.00541011292048731,Inf,-58.3950067314222,0
QTL fixation,negative_QTL - positive_QTL,2,2X,WT,200,2,CV,R,-0.281814082249856,0.00541011292048728,Inf,-52.090240331707,0
QTL fixation,negative_QTL - positive_QTL,8,2X,WT,200,2,CV,R,-0.31574599830825,0.0054101129204872,Inf,-58.3621826288639,0
QTL fixation,negative_QTL - positive_QTL,2,20X,Chr,2,3,CV,R,-0.430476190478009,0.00541011292048749,Inf,-79.5687995435076,0
QTL fixation,negative_QTL - positive_QTL,8,20X,Chr,2,3,CV,R,-0.359047619047375,0.00541011292048726,Inf,-66.3660120083108,0
QTL fixation,negative_QTL - positive_QTL,2,2X,Chr,2,3,CV,R,-0.423809523809308,0.00541011292048732,Inf,-78.3365393732176,0
QTL fixation,negative_QTL - positive_QTL,8,2X,Chr,2,3,CV,R,-0.386190476190497,0.00541011292048733,Inf,-71.38307127159,0
QTL fixation,negative_QTL - positive_QTL,2,20X,Peri,2,3,CV,R,-0.429523809523632,0.00541011292048738,Inf,-79.3927623760092,0
QTL fixation,negative_QTL - positive_QTL,8,20X,Peri,2,3,CV,R,-0.390000000000008,0.00541011292048728,Inf,-72.0872199401119,0
QTL fixation,negative_QTL - positive_QTL,2,2X,Peri,2,3,CV,R,-0.409047619047591,0.00541011292048742,Inf,-75.6079632827217,0
QTL fixation,negative_QTL - positive_QTL,8,2X,Peri,2,3,CV,R,-0.410000000000006,0.0054101129204874,Inf,-75.7840004498592,0
QTL fixation,negative_QTL - positive_QTL,2,20X,WT,2,3,CV,R,-0.420476190475969,0.00541011292048736,Inf,-77.7204092882577,0
QTL fixation,negative_QTL - positive_QTL,8,20X,WT,2,3,CV,R,-0.389523809523818,0.00541011292048732,Inf,-71.9992013565461,0
QTL fixation,negative_QTL - positive_QTL,2,2X,WT,2,3,CV,R,-0.424285714285685,0.00541011292048739,Inf,-78.4245579568165,0
QTL fixation,negative_QTL - positive_QTL,8,2X,WT,2,3,CV,R,-0.363333333333342,0.00541011292048733,Inf,-67.1581792604458,0
QTL fixation,negative_QTL - positive_QTL,2,20X,Chr,200,3,CV,R,-0.0454373479864306,0.00541011292048739,Inf,-8.3985951225464,4.51851853086232e-17
QTL fixation,negative_QTL - positive_QTL,8,20X,Chr,200,3,CV,R,-0.0670032023025976,0.00541011292048738,Inf,-12.3848066181512,3.15845301689741e-35
QTL fixation,negative_QTL - positive_QTL,2,2X,Chr,200,3,CV,R,-0.0488420082513595,0.00541011292048742,Inf,-9.02790920803167,1.74982919777105e-19
QTL fixation,negative_QTL - positive_QTL,8,2X,Chr,200,3,CV,R,-0.070669922467863,0.00541011292048749,Inf,-13.0625596002338,5.38850721478646e-39
QTL fixation,negative_QTL - positive_QTL,2,20X,Peri,200,3,CV,R,-0.0463038975860627,0.00541011292048742,Inf,-8.55876730607889,1.1408071034585e-17
QTL fixation,negative_QTL - positive_QTL,8,20X,Peri,200,3,CV,R,-0.0684221994042154,0.00541011292048729,Inf,-12.647092659584,1.16091803677005e-36
QTL fixation,negative_QTL - positive_QTL,2,2X,Peri,200,3,CV,R,-0.0471730418743147,0.00541011292048748,Inf,-8.71941908932728,2.7963272892512e-18
QTL fixation,negative_QTL - positive_QTL,8,2X,Peri,200,3,CV,R,-0.0729229505348264,0.00541011292048746,Inf,-13.4790071125273,2.07885513937235e-41
QTL fixation,negative_QTL - positive_QTL,2,20X,WT,200,3,CV,R,-0.0480292341984235,0.00541011292048736,Inf,-8.87767684414558,6.82712420910712e-19
QTL fixation,negative_QTL - positive_QTL,8,20X,WT,200,3,CV,R,-0.0696825035372697,0.00541011292048731,Inf,-12.8800460473555,5.83007668692799e-38
QTL fixation,negative_QTL - positive_QTL,2,2X,WT,200,3,CV,R,-0.0484646503624382,0.00541011292048744,Inf,-8.95815874358342,3.30144961158828e-19
QTL fixation,negative_QTL - positive_QTL,8,2X,WT,200,3,CV,R,-0.0708242892162723,0.00541011292048764,Inf,-13.0910925995771,3.7024330071716e-39
QTL fixation,negative_QTL - positive_QTL,2,20X,Chr,2,4,CV,R,-0.72523809523739,0.00541011292048714,Inf,-134.052302770066,0
QTL fixation,negative_QTL - positive_QTL,8,20X,Chr,2,4,CV,R,-0.900476190475575,0.00541011292048728,Inf,-166.443141522168,0
QTL fixation,negative_QTL - positive_QTL,2,2X,Chr,2,4,CV,R,-0.740476190475974,0.00541011292048732,Inf,-136.868897444247,0
QTL fixation,negative_QTL - positive_QTL,8,2X,Chr,2,4,CV,R,-0.905714285714189,0.00541011292048737,Inf,-167.411345941481,0
QTL fixation,negative_QTL - positive_QTL,2,20X,Peri,2,4,CV,R,-0.724761904761891,0.0054101129204873,Inf,-133.964284186625,0
QTL fixation,negative_QTL - positive_QTL,8,20X,Peri,2,4,CV,R,-0.907619047619098,0.00541011292048737,Inf,-167.76342027577,0
QTL fixation,negative_QTL - positive_QTL,2,2X,Peri,2,4,CV,R,-0.725714285714321,0.0054101129204873,Inf,-134.140321353765,0
QTL fixation,negative_QTL - positive_QTL,8,2X,Peri,2,4,CV,R,-0.897619047619069,0.0054101129204874,Inf,-165.915030020889,0
QTL fixation,negative_QTL - positive_QTL,2,20X,WT,2,4,CV,R,-0.721428571428583,0.00541011292048732,Inf,-133.348154101671,0
QTL fixation,negative_QTL - positive_QTL,8,20X,WT,2,4,CV,R,-0.907619047619103,0.00541011292048734,Inf,-167.763420275772,0
QTL fixation,negative_QTL - positive_QTL,2,2X,WT,2,4,CV,R,-0.74095238095243,0.00541011292048733,Inf,-136.956916027861,0
QTL fixation,negative_QTL - positive_QTL,8,2X,WT,2,4,CV,R,-0.890000000000016,0.00541011292048743,Inf,-164.50673268384,0
QTL fixation,negative_QTL - positive_QTL,2,20X,Chr,200,4,CV,R,-0.0564786452501337,0.00541011292048731,Inf,-10.4394577488868,1.63743340546209e-25
QTL fixation,negative_QTL - positive_QTL,8,20X,Chr,200,4,CV,R,-0.0926547505572394,0.00541011292048728,Inf,-17.1262137997841,9.46153048249231e-66
QTL fixation,negative_QTL - positive_QTL,2,2X,Chr,200,4,CV,R,-0.0549340586667734,0.0054101129204873,Inf,-10.1539578700375,3.18191332479956e-24
QTL fixation,negative_QTL - positive_QTL,8,2X,Chr,200,4,CV,R,-0.0922744557636103,0.00541011292048733,Inf,-17.0559204807316,3.1585784901144e-65
QTL fixation,negative_QTL - positive_QTL,2,20X,Peri,200,4,CV,R,-0.0580086916095055,0.00541011292048731,Inf,-10.7222700269037,8.00150266564432e-27
QTL fixation,negative_QTL - positive_QTL,8,20X,Peri,200,4,CV,R,-0.0925929047728703,0.00541011292048732,Inf,-17.1147822852706,1.15145402409465e-65
QTL fixation,negative_QTL - positive_QTL,2,2X,Peri,200,4,CV,R,-0.0565610684921147,0.00541011292048734,Inf,-10.454692780612,1.394499773222e-25
QTL fixation,negative_QTL - positive_QTL,8,2X,Peri,200,4,CV,R,-0.0923607394127151,0.0054101129204873,Inf,-17.0718690663477,2.40379507011415e-65
QTL fixation,negative_QTL - positive_QTL,2,20X,WT,200,4,CV,R,-0.0572630312990294,0.00541011292048732,Inf,-10.5844429017706,3.51867610834562e-26
QTL fixation,negative_QTL - positive_QTL,8,20X,WT,200,4,CV,R,-0.0912301817534761,0.0054101129204873,Inf,-16.8628978903566,8.43500107824332e-64
QTL fixation,negative_QTL - positive_QTL,2,2X,WT,200,4,CV,R,-0.0555719668784481,0.00541011292048732,Inf,-10.2718682022338,9.43594124586851e-25
QTL fixation,negative_QTL - positive_QTL,8,2X,WT,200,4,CV,R,-0.0924453123478155,0.00541011292048711,Inf,-17.0875014452549,1.83885586303757e-65
QTL fixation,negative_QTL - positive_QTL,2,20X,Chr,2,5,CV,R,-0.383333333334953,0.00541011292048723,Inf,-70.8549597704942,0
QTL fixation,negative_QTL - positive_QTL,8,20X,Chr,2,5,CV,R,-0.438095238094964,0.00541011292048734,Inf,-80.9770968801701,0
QTL fixation,negative_QTL - positive_QTL,2,2X,Chr,2,5,CV,R,-0.368095238095109,0.00541011292048732,Inf,-68.0383650960752,0
QTL fixation,negative_QTL - positive_QTL,8,2X,Chr,2,5,CV,R,-0.420952380952394,0.00541011292048734,Inf,-77.8084278718669,0
QTL fixation,negative_QTL - positive_QTL,2,20X,Peri,2,5,CV,R,-0.392380952380889,0.00541011292048727,Inf,-72.5273128579263,0
QTL fixation,negative_QTL - positive_QTL,8,20X,Peri,2,5,CV,R,-0.456666666666665,0.00541011292048732,Inf,-84.4098216392739,0
QTL fixation,negative_QTL - positive_QTL,2,2X,Peri,2,5,CV,R,-0.381428571428528,0.00541011292048735,Inf,-70.5028854359233,0
QTL fixation,negative_QTL - positive_QTL,8,2X,Peri,2,5,CV,R,-0.433809523809528,0.00541011292048733,Inf,-80.1849296281327,0
QTL fixation,negative_QTL - positive_QTL,2,20X,WT,2,5,CV,R,-0.380476190476073,0.00541011292048734,Inf,-70.3268482687788,0
QTL fixation,negative_QTL - positive_QTL,8,20X,WT,2,5,CV,R,-0.430476190476198,0.00541011292048735,Inf,-79.5687995431749,0
QTL fixation,negative_QTL - positive_QTL,2,2X,WT,2,5,CV,R,-0.387619047619017,0.00541011292048732,Inf,-71.647127022277,0
QTL fixation,negative_QTL - positive_QTL,8,2X,WT,2,5,CV,R,-0.442380952380957,0.00541011292048738,Inf,-81.7692641323102,0
QTL fixation,negative_QTL - positive_QTL,2,20X,Chr,200,5,CV,R,0.0559258569986894,0.00541011292048732,Inf,10.3372809071889,4.7790519350256e-25
QTL fixation,negative_QTL - positive_QTL,2,2X,Chr,200,5,CV,R,0.0462411773034811,0.00541011292048734,Inf,8.54717415016834,1.26138789933085e-17
QTL fixation,negative_QTL - positive_QTL,8,2X,Chr,200,5,CV,R,-0.0132857693193675,0.00541011292048738,Inf,-2.45572865384308,0.0140599275709799
QTL fixation,negative_QTL - positive_QTL,2,20X,Peri,200,5,CV,R,0.0526967838148764,0.00541011292048732,Inf,9.74042216666518,2.02710452803532e-22
QTL fixation,negative_QTL - positive_QTL,8,20X,Peri,200,5,CV,R,-0.0183991939075601,0.00541011292048727,Inf,-3.40088907162828,0.000671670777721536
QTL fixation,negative_QTL - positive_QTL,2,2X,Peri,200,5,CV,R,0.0466138579643717,0.00541011292048739,Inf,8.6160600803453,6.92974051030002e-18
QTL fixation,negative_QTL - positive_QTL,8,2X,Peri,200,5,CV,R,-0.0139942013561577,0.0054101129204871,Inf,-2.58667454114761,0.00969070763708517
QTL fixation,negative_QTL - positive_QTL,2,20X,WT,200,5,CV,R,0.0487577715663787,0.00541011292048735,Inf,9.01233898126964,2.01707751428467e-19
QTL fixation,negative_QTL - positive_QTL,8,20X,WT,200,5,CV,R,-0.0140908597275016,0.00541011292048733,Inf,-2.60454078031191,0.00919974721565457
QTL fixation,negative_QTL - positive_QTL,2,2X,WT,200,5,CV,R,0.0463720373544313,0.00541011292048734,Inf,8.5713621944612,1.02268044642012e-17
QTL fixation,negative_QTL - positive_QTL,8,2X,WT,200,5,CV,R,-0.0134717344573534,0.00541011292048736,Inf,-2.49010226872304,0.0127706342282314
QTL fixation,negative_QTL - positive_QTL,2,20X,Chr,2,1,GW,R,-0.964523809524792,0.00541011292048742,Inf,-178.281641012013,0
QTL fixation,negative_QTL - positive_QTL,8,20X,Chr,2,1,GW,R,-0.999047619047841,0.00541011292048715,Inf,-184.662988320377,0
QTL fixation,negative_QTL - positive_QTL,2,2X,Chr,2,1,GW,R,-0.966190476190672,0.00541011292048743,Inf,-178.589706054347,0
QTL fixation,negative_QTL - positive_QTL,8,2X,Chr,2,1,GW,R,-0.997380952380926,0.00541011292048722,Inf,-184.35492327785,0
QTL fixation,negative_QTL - positive_QTL,2,20X,Peri,2,1,GW,R,-0.968095238095429,0.00541011292048728,Inf,-178.941780388612,0
QTL fixation,negative_QTL - positive_QTL,8,20X,Peri,2,1,GW,R,-0.999047619047522,0.00541011292048726,Inf,-184.662988320315,0
QTL fixation,negative_QTL - positive_QTL,2,2X,Peri,2,1,GW,R,-0.961190476190398,0.00541011292048723,Inf,-177.665510926865,0
QTL fixation,negative_QTL - positive_QTL,8,2X,Peri,2,1,GW,R,-0.996666666666638,0.00541011292048724,Inf,-184.222895402501,0
QTL fixation,negative_QTL - positive_QTL,2,20X,WT,2,1,GW,R,-0.972619047619311,0.00541011292048738,Inf,-179.777956932494,0
QTL fixation,negative_QTL - positive_QTL,8,20X,WT,2,1,GW,R,-0.998571428571312,0.0054101129204873,Inf,-184.574969736744,0
QTL fixation,negative_QTL - positive_QTL,2,2X,WT,2,1,GW,R,-0.972857142857068,0.0054101129204873,Inf,-179.821966224217,0
QTL fixation,negative_QTL - positive_QTL,8,2X,WT,2,1,GW,R,-0.997380952380918,0.00541011292048727,Inf,-184.354923277847,0
QTL fixation,negative_QTL - positive_QTL,2,20X,Chr,200,1,GW,R,-0.793078739367477,0.00541011292048742,Inf,-146.591901319506,0
QTL fixation,negative_QTL - positive_QTL,8,20X,Chr,200,1,GW,R,-0.874852008584453,0.00541011292048728,Inf,-161.7067927125,0
QTL fixation,negative_QTL - positive_QTL,2,2X,Chr,200,1,GW,R,-0.799031211552863,0.00541011292048732,Inf,-147.692150477497,0
QTL fixation,negative_QTL - positive_QTL,8,2X,Chr,200,1,GW,R,-0.884612302337533,0.00541011292048726,Inf,-163.510875898291,0
QTL fixation,negative_QTL - positive_QTL,2,20X,Peri,200,1,GW,R,-0.794770875840829,0.00541011292048732,Inf,-146.904674176235,0
QTL fixation,negative_QTL - positive_QTL,8,20X,Peri,200,1,GW,R,-0.883659255740932,0.00541011292048729,Inf,-163.33471569413,0
QTL fixation,negative_QTL - positive_QTL,2,2X,Peri,200,1,GW,R,-0.798739750878645,0.00541011292048735,Inf,-147.638277170506,0
QTL fixation,negative_QTL - positive_QTL,8,2X,Peri,200,1,GW,R,-0.88494692002791,0.00541011292048725,Inf,-163.572726306092,0
QTL fixation,negative_QTL - positive_QTL,2,20X,WT,200,1,GW,R,-0.802314874556844,0.00541011292048728,Inf,-148.299099547183,0
QTL fixation,negative_QTL - positive_QTL,8,20X,WT,200,1,GW,R,-0.886948189046703,0.00541011292048729,Inf,-163.942638921262,0
QTL fixation,negative_QTL - positive_QTL,2,2X,WT,200,1,GW,R,-0.802984715471104,0.00541011292048741,Inf,-148.422912289003,0
QTL fixation,negative_QTL - positive_QTL,8,2X,WT,200,1,GW,R,-0.887056513544739,0.00541011292048755,Inf,-163.962661515908,0
QTL fixation,negative_QTL - positive_QTL,2,20X,Chr,2,2,GW,R,-0.419285714285594,0.00541011292048738,Inf,-77.5003628293625,0
QTL fixation,negative_QTL - positive_QTL,8,20X,Chr,2,2,GW,R,-0.388809523809468,0.00541011292048727,Inf,-71.8671734811866,0
QTL fixation,negative_QTL - positive_QTL,2,2X,Chr,2,2,GW,R,-0.441428571428517,0.00541011292048734,Inf,-81.5932269651692,0
QTL fixation,negative_QTL - positive_QTL,8,2X,Chr,2,2,GW,R,-0.390714285714265,0.00541011292048728,Inf,-72.219247815455,0
QTL fixation,negative_QTL - positive_QTL,2,20X,Peri,2,2,GW,R,-0.432619047619092,0.00541011292048733,Inf,-79.9648831692266,0
QTL fixation,negative_QTL - positive_QTL,8,20X,Peri,2,2,GW,R,-0.382380952380957,0.0054101129204871,Inf,-70.6789226030664,0
QTL fixation,negative_QTL - positive_QTL,2,2X,Peri,2,2,GW,R,-0.437619047619051,0.00541011292048733,Inf,-80.8890782966562,0
QTL fixation,negative_QTL - positive_QTL,8,2X,Peri,2,2,GW,R,-0.403809523809524,0.00541011292048707,Inf,-74.6397588635117,0
QTL fixation,negative_QTL - positive_QTL,2,20X,WT,2,2,GW,R,-0.450000000000056,0.00541011292048739,Inf,-83.177561469367,0
QTL fixation,negative_QTL - positive_QTL,8,20X,WT,2,2,GW,R,-0.388095238095248,0.00541011292048738,Inf,-71.7351456058492,0
QTL fixation,negative_QTL - positive_QTL,2,2X,WT,2,2,GW,R,-0.469523809523807,0.00541011292048747,Inf,-86.7863233955386,0
QTL fixation,negative_QTL - positive_QTL,8,2X,WT,2,2,GW,R,-0.401666666666669,0.00541011292048747,Inf,-74.2436752374621,0
QTL fixation,negative_QTL - positive_QTL,2,20X,Chr,200,2,GW,R,-0.274350592278998,0.00541011292048741,Inf,-50.710696118757,0
QTL fixation,negative_QTL - positive_QTL,8,20X,Chr,200,2,GW,R,-0.30155980326166,0.00541011292048735,Inf,-55.7400201610756,0
QTL fixation,negative_QTL - positive_QTL,2,2X,Chr,200,2,GW,R,-0.276739855636855,0.00541011292048742,Inf,-51.1523252294561,0
QTL fixation,negative_QTL - positive_QTL,8,2X,Chr,200,2,GW,R,-0.308447299670048,0.0054101129204872,Inf,-57.0130982852521,0
QTL fixation,negative_QTL - positive_QTL,2,20X,Peri,200,2,GW,R,-0.277397636057765,0.00541011292048732,Inf,-51.2739087214427,0
QTL fixation,negative_QTL - positive_QTL,8,20X,Peri,200,2,GW,R,-0.306343364211845,0.00541011292048726,Inf,-56.6242089054686,0
QTL fixation,negative_QTL - positive_QTL,2,2X,Peri,200,2,GW,R,-0.278149945798397,0.00541011292048759,Inf,-51.4129649207633,0
QTL fixation,negative_QTL - positive_QTL,8,2X,Peri,200,2,GW,R,-0.310235817760817,0.00541011292048869,Inf,-57.3436862262006,0
QTL fixation,negative_QTL - positive_QTL,2,20X,WT,200,2,GW,R,-0.279736907577493,0.00541011292048738,Inf,-51.7062973894992,0
QTL fixation,negative_QTL - positive_QTL,8,20X,WT,200,2,GW,R,-0.311421867825754,0.00541011292048746,Inf,-57.5629145643959,0
QTL fixation,negative_QTL - positive_QTL,2,2X,WT,200,2,GW,R,-0.280108014832993,0.00541011292048751,Inf,-51.774892492956,0
QTL fixation,negative_QTL - positive_QTL,8,2X,WT,200,2,GW,R,-0.310245693257202,0.0054101129204866,Inf,-57.3455116033506,0
QTL fixation,negative_QTL - positive_QTL,2,20X,Chr,2,3,GW,R,-0.252142857142768,0.00541011292048741,Inf,-46.6058399978927,0
QTL fixation,negative_QTL - positive_QTL,8,20X,Chr,2,3,GW,R,-0.272619047619043,0.00541011292048735,Inf,-50.3906390912235,0
QTL fixation,negative_QTL - positive_QTL,2,2X,Chr,2,3,GW,R,-0.285476190476175,0.0054101129204874,Inf,-52.7671408474883,0
QTL fixation,negative_QTL - positive_QTL,8,2X,Chr,2,3,GW,R,-0.313333333333309,0.0054101129204874,Inf,-57.9162279860659,0
QTL fixation,negative_QTL - positive_QTL,2,20X,Peri,2,3,GW,R,-0.25452380952376,0.00541011292048735,Inf,-47.0459329157278,0
QTL fixation,negative_QTL - positive_QTL,8,20X,Peri,2,3,GW,R,-0.290714285714288,0.00541011292048732,Inf,-53.7353452667124,0
QTL fixation,negative_QTL - positive_QTL,2,2X,Peri,2,3,GW,R,-0.274047619047627,0.0054101129204873,Inf,-50.6546948419227,0
QTL fixation,negative_QTL - positive_QTL,8,2X,Peri,2,3,GW,R,-0.29214285714286,0.0054101129204871,Inf,-53.9994010174111,0
QTL fixation,negative_QTL - positive_QTL,2,20X,WT,2,3,GW,R,-0.286428571428531,0.00541011292048732,Inf,-52.9431780146155,0
QTL fixation,negative_QTL - positive_QTL,8,20X,WT,2,3,GW,R,-0.299761904761908,0.00541011292048739,Inf,-55.4076983544556,0
QTL fixation,negative_QTL - positive_QTL,2,2X,WT,2,3,GW,R,-0.278333333333342,0.00541011292048745,Inf,-51.4468620940104,0
QTL fixation,negative_QTL - positive_QTL,8,2X,WT,2,3,GW,R,-0.309761904761908,0.00541011292048726,Inf,-57.2560886093315,0
QTL fixation,negative_QTL - positive_QTL,2,20X,Chr,200,3,GW,R,-0.0364331241280671,0.00541011292048743,Inf,-6.7342631592955,1.64762741118186e-11
QTL fixation,negative_QTL - positive_QTL,8,20X,Chr,200,3,GW,R,-0.0587868022864947,0.0054101129204875,Inf,-10.8660952461594,1.67204703392689e-27
QTL fixation,negative_QTL - positive_QTL,2,2X,Chr,200,3,GW,R,-0.0415565501602226,0.00541011292048751,Inf,-7.68127223423609,1.57516339329216e-14
QTL fixation,negative_QTL - positive_QTL,8,2X,Chr,200,3,GW,R,-0.0653321033104906,0.00541011292048756,Inf,-12.0759223089567,1.41567960200583e-33
QTL fixation,negative_QTL - positive_QTL,2,20X,Peri,200,3,GW,R,-0.0405216250528142,0.00541011292048732,Inf,-7.48997768593048,6.88853243896264e-14
QTL fixation,negative_QTL - positive_QTL,8,20X,Peri,200,3,GW,R,-0.0635481457853916,0.00541011292048722,Inf,-11.7461773385071,7.3886259401977e-32
QTL fixation,negative_QTL - positive_QTL,2,2X,Peri,200,3,GW,R,-0.0383262516790696,0.00541011292048751,Inf,-7.08418701094617,1.39862931063822e-12
QTL fixation,negative_QTL - positive_QTL,8,2X,Peri,200,3,GW,R,-0.0664327838211357,0.0054101129204869,Inf,-12.2793710219189,1.16903571586305e-34
QTL fixation,negative_QTL - positive_QTL,2,20X,WT,200,3,GW,R,-0.0415001945089061,0.00541011292048736,Inf,-7.67085551056625,1.70852924046057e-14
QTL fixation,negative_QTL - positive_QTL,8,20X,WT,200,3,GW,R,-0.064947280569169,0.00541011292048729,Inf,-12.004792048466,3.35305639496532e-33
QTL fixation,negative_QTL - positive_QTL,2,2X,WT,200,3,GW,R,-0.0417614705652897,0.00541011292048754,Inf,-7.71914952221113,1.17108461561296e-14
QTL fixation,negative_QTL - positive_QTL,8,2X,WT,200,3,GW,R,-0.0678622415218335,0.00541011292048806,Inf,-12.5435905902887,4.3101472993799e-36
QTL fixation,negative_QTL - positive_QTL,2,20X,Chr,2,4,GW,R,-0.58880952380931,0.00541011292048728,Inf,-108.83497857865,0
QTL fixation,negative_QTL - positive_QTL,8,20X,Chr,2,4,GW,R,-0.830000000000001,0.00541011292048725,Inf,-153.416391154595,0
QTL fixation,negative_QTL - positive_QTL,2,2X,Chr,2,4,GW,R,-0.597857142857152,0.0054101129204874,Inf,-110.507331666432,0
QTL fixation,negative_QTL - positive_QTL,8,2X,Chr,2,4,GW,R,-0.829047619047686,0.00541011292048738,Inf,-153.240353987473,0
QTL fixation,negative_QTL - positive_QTL,2,20X,Peri,2,4,GW,R,-0.610714285714344,0.00541011292048731,Inf,-112.883833422711,0
QTL fixation,negative_QTL - positive_QTL,8,20X,Peri,2,4,GW,R,-0.833095238095242,0.00541011292048724,Inf,-153.988511947771,0
QTL fixation,negative_QTL - positive_QTL,2,2X,Peri,2,4,GW,R,-0.598095238095246,0.00541011292048733,Inf,-110.551340958216,0
QTL fixation,negative_QTL - positive_QTL,8,2X,Peri,2,4,GW,R,-0.810476190476188,0.00541011292048705,Inf,-149.807629228416,0
QTL fixation,negative_QTL - positive_QTL,2,20X,WT,2,4,GW,R,-0.61571428571433,0.00541011292048738,Inf,-113.808028550144,0
QTL fixation,negative_QTL - positive_QTL,8,20X,WT,2,4,GW,R,-0.824761904761912,0.0054101129204874,Inf,-152.448186735372,0
QTL fixation,negative_QTL - positive_QTL,2,2X,WT,2,4,GW,R,-0.606904761904763,0.00541011292048735,Inf,-112.179684754176,0
QTL fixation,negative_QTL - positive_QTL,8,2X,WT,2,4,GW,R,-0.823571428571426,0.00541011292048783,Inf,-152.228140276444,0
QTL fixation,negative_QTL - positive_QTL,2,20X,Chr,200,4,GW,R,-0.0545847403107878,0.00541011292048737,Inf,-10.0893902055321,6.15506828388598e-24
QTL fixation,negative_QTL - positive_QTL,8,20X,Chr,200,4,GW,R,-0.0862050322910009,0.00541011292048731,Inf,-15.9340541607838,3.6772263459171e-57
QTL fixation,negative_QTL - positive_QTL,2,2X,Chr,200,4,GW,R,-0.0549433508125379,0.00541011292048741,Inf,-10.1556754212051,3.12637838243154e-24
QTL fixation,negative_QTL - positive_QTL,8,2X,Chr,200,4,GW,R,-0.0895515855950868,0.0054101129204877,Inf,-16.5526278122517,1.53264292591561e-61
QTL fixation,negative_QTL - positive_QTL,2,20X,Peri,200,4,GW,R,-0.0541557156329199,0.00541011292048748,Inf,-10.0100897021647,1.37627695566557e-23
QTL fixation,negative_QTL - positive_QTL,8,20X,Peri,200,4,GW,R,-0.089559084099247,0.00541011292048738,Inf,-16.5540138284542,1.49775503957015e-61
QTL fixation,negative_QTL - positive_QTL,2,2X,Peri,200,4,GW,R,-0.0560565935733686,0.00541011292048766,Inf,-10.3614461282475,3.71305235107795e-25
QTL fixation,negative_QTL - positive_QTL,8,2X,Peri,200,4,GW,R,-0.0893455634222469,0.00541011292048854,Inf,-16.5145468745926,2.88318288841034e-61
QTL fixation,negative_QTL - positive_QTL,2,20X,WT,200,4,GW,R,-0.055661053114834,0.0054101129204873,Inf,-10.2883348153518,7.95399769826089e-25
QTL fixation,negative_QTL - positive_QTL,8,20X,WT,200,4,GW,R,-0.0887701556578852,0.00541011292048753,Inf,-16.4081890641731,1.67116177910114e-60
QTL fixation,negative_QTL - positive_QTL,2,2X,WT,200,4,GW,R,-0.0551693275798846,0.00541011292048746,Inf,-10.1974447466641,2.0355752115883e-24
QTL fixation,negative_QTL - positive_QTL,8,2X,WT,200,4,GW,R,-0.0905343337006123,0.00541011292048845,Inf,-16.7342780143743,7.37459028764862e-63
QTL fixation,negative_QTL - positive_QTL,2,20X,Chr,2,5,GW,R,-0.194047619047529,0.00541011292048736,Inf,-35.8675728029072,9.7884787332504e-282
QTL fixation,negative_QTL - positive_QTL,8,20X,Chr,2,5,GW,R,-0.307142857142843,0.00541011292048727,Inf,-56.7719863997182,0
QTL fixation,negative_QTL - positive_QTL,2,2X,Chr,2,5,GW,R,-0.182380952380954,0.00541011292048735,Inf,-33.7111175055705,3.97279299493052e-249
QTL fixation,negative_QTL - positive_QTL,8,2X,Chr,2,5,GW,R,-0.306428571428551,0.00541011292048734,Inf,-56.6399585243681,0
QTL fixation,negative_QTL - positive_QTL,2,20X,Peri,2,5,GW,R,-0.194285714285636,0.00541011292048736,Inf,-35.911582094692,2.014773583479e-282
QTL fixation,negative_QTL - positive_QTL,8,20X,Peri,2,5,GW,R,-0.326190476190482,0.0054101129204873,Inf,-60.2927297423399,0
QTL fixation,negative_QTL - positive_QTL,2,2X,Peri,2,5,GW,R,-0.185714285714293,0.00541011292048731,Inf,-34.32724759053,3.07840866318741e-258
QTL fixation,negative_QTL - positive_QTL,8,2X,Peri,2,5,GW,R,-0.313571428571431,0.00541011292048733,Inf,-57.9602372778543,0
QTL fixation,negative_QTL - positive_QTL,2,20X,WT,2,5,GW,R,-0.219999999999922,0.00541011292048737,Inf,-40.6645856072268,0
QTL fixation,negative_QTL - positive_QTL,8,20X,WT,2,5,GW,R,-0.305714285714299,0.00541011292048742,Inf,-56.5079306490252,0
QTL fixation,negative_QTL - positive_QTL,2,2X,WT,2,5,GW,R,-0.226190476190491,0.00541011292048744,Inf,-41.8088271935942,0
QTL fixation,negative_QTL - positive_QTL,8,2X,WT,2,5,GW,R,-0.338809523809524,0.00541011292048758,Inf,-62.6252222068204,0
QTL fixation,negative_QTL - positive_QTL,2,20X,Chr,200,5,GW,R,0.0768959226130943,0.00541011292048736,Inf,14.2133673997635,7.56962416693111e-46
QTL fixation,negative_QTL - positive_QTL,2,2X,Chr,200,5,GW,R,0.0598403241793255,0.00541011292048745,Inf,11.06082720616,1.94297259897676e-28
QTL fixation,negative_QTL - positive_QTL,2,20X,Peri,200,5,GW,R,0.0703580711289071,0.00541011292048731,Inf,13.0049173026447,1.14722947495043e-38
QTL fixation,negative_QTL - positive_QTL,2,2X,Peri,200,5,GW,R,0.0594718325340831,0.00541011292048734,Inf,10.9927155695534,4.14270851409437e-28
QTL fixation,negative_QTL - positive_QTL,2,20X,WT,200,5,GW,R,0.0599703976380021,0.00541011292048735,Inf,11.0848698575038,1.48566304868008e-28
QTL fixation,negative_QTL - positive_QTL,2,2X,WT,200,5,GW,R,0.060548227573369,0.00541011292048743,Inf,11.1916753796543,4.47889703307771e-29
