response,contrast,Recombination,Map_type,QTL,Repulsion,Matrix,Allele,QTL_type,estimate,SE,df,z.ratio,p.value
QTL fixation,2 - 8,20X,Chr,2,1,CV,negative_QTL,DV,0.0233333333464549,0.00541011292048281,Inf,4.3129105971364,1.61119282479671e-05
QTL fixation,2 - 8,2X,Chr,2,1,CV,negative_QTL,DV,0.0269047618987633,0.005410112920488,Inf,4.97304997033895,6.59076634243065e-07
QTL fixation,2 - 8,20X,Peri,2,1,CV,negative_QTL,DV,0.0245238095243782,0.00541011292048654,Inf,4.53295705372684,5.81636440909934e-06
QTL fixation,2 - 8,2X,Peri,2,1,CV,negative_QTL,DV,0.0228571428568037,0.00541011292048728,Inf,4.22489201107931,2.39055383234209e-05
QTL fixation,2 - 8,20X,WT,2,1,CV,negative_QTL,DV,0.025000000000331,0.00541011292048844,Inf,4.62097563724676,3.81939629985447e-06
QTL fixation,2 - 8,2X,WT,2,1,CV,negative_QTL,DV,0.0249999999995075,0.00541011292048756,Inf,4.6209756370953,3.81939630264328e-06
QTL fixation,2 - 8,20X,Chr,200,1,CV,negative_QTL,DV,0.0343510544334984,0.00541011292048776,Inf,6.34941542595408,2.16134649063891e-10
QTL fixation,2 - 8,2X,Chr,200,1,CV,negative_QTL,DV,0.0331698313949187,0.00541011292048829,Inf,6.13107931061906,8.72848760494441e-10
QTL fixation,2 - 8,20X,Peri,200,1,CV,negative_QTL,DV,0.0341675951116043,0.0054101129204876,Inf,6.31550498367876,2.69280708441903e-10
QTL fixation,2 - 8,2X,Peri,200,1,CV,negative_QTL,DV,0.0331423670699392,0.00541011292048739,Inf,6.12600283155521,9.01142026720065e-10
QTL fixation,2 - 8,20X,WT,200,1,CV,negative_QTL,DV,0.033419493418566,0.00541011292048757,Inf,6.17722659577209,6.52374112176476e-10
QTL fixation,2 - 8,2X,WT,200,1,CV,negative_QTL,DV,0.0321525715176725,0.0054101129204874,Inf,5.9430499862424,2.79767075982107e-09
QTL fixation,2 - 8,20X,Chr,2,2,CV,negative_QTL,DV,-0.047619047616216,0.00541011292048751,Inf,-8.80185835602208,1.34568962094596e-18
QTL fixation,2 - 8,2X,Chr,2,2,CV,negative_QTL,DV,-0.0488095238102966,0.00541011292048737,Inf,-9.02190481560218,1.84846795387122e-19
QTL fixation,2 - 8,20X,Peri,2,2,CV,negative_QTL,DV,-0.0514285714293168,0.00541011292048724,Inf,-9.50600702520736,1.98121682888468e-21
QTL fixation,2 - 8,2X,Peri,2,2,CV,negative_QTL,DV,-0.0552380952380452,0.00541011292048728,Inf,-10.2101556935839,1.78578058577281e-24
QTL fixation,2 - 8,20X,WT,2,2,CV,negative_QTL,DV,-0.0426190476196891,0.00541011292048728,Inf,-7.8776632292271,3.33560286460842e-15
QTL fixation,2 - 8,2X,WT,2,2,CV,negative_QTL,DV,-0.0526190476190138,0.00541011292048727,Inf,-9.72605348397691,2.33475941477587e-22
QTL fixation,2 - 8,20X,Chr,200,2,CV,negative_QTL,DV,0.0205204362742851,0.0054101129204873,Inf,3.79297744351643,0.000148851682373963
QTL fixation,2 - 8,2X,Chr,200,2,CV,negative_QTL,DV,0.0224639664445568,0.00541011292048738,Inf,4.15221766619488,3.29268853301594e-05
QTL fixation,2 - 8,20X,Peri,200,2,CV,negative_QTL,DV,0.0228152291541824,0.0054101129204873,Inf,4.21714472313221,2.47415194807575e-05
QTL fixation,2 - 8,2X,Peri,200,2,CV,negative_QTL,DV,0.0212296905846653,0.00541011292048729,Inf,3.9240753190699,8.70634956529919e-05
QTL fixation,2 - 8,20X,WT,200,2,CV,negative_QTL,DV,0.0226905805784265,0.00541011292048725,Inf,4.19410480186113,2.7395131079843e-05
QTL fixation,2 - 8,2X,WT,200,2,CV,negative_QTL,DV,0.0234663658200496,0.00541011292048733,Inf,4.33750018991023,1.44112409972885e-05
QTL fixation,2 - 8,20X,Chr,2,3,CV,negative_QTL,DV,-0.0254761904724263,0.00541011292048768,Inf,-4.70899422005591,2.48942129556688e-06
QTL fixation,2 - 8,2X,Chr,2,3,CV,negative_QTL,DV,-0.0285714285726281,0.00541011292048735,Inf,-5.28111501414915,1.28400051018116e-07
QTL fixation,2 - 8,20X,Peri,2,3,CV,negative_QTL,DV,-0.0388095238098983,0.00541011292048732,Inf,-7.17351456065403,7.30964741406058e-13
QTL fixation,2 - 8,2X,Peri,2,3,CV,negative_QTL,DV,-0.0126190476190793,0.00541011292048729,Inf,-2.33249246449049,0.0196747988805445
QTL fixation,2 - 8,20X,WT,2,3,CV,negative_QTL,DV,-0.0159523809529261,0.00541011292048728,Inf,-2.94862254954362,0.00319193558003658
QTL fixation,2 - 8,2X,WT,2,3,CV,negative_QTL,DV,-0.032380952381,0.00541011292048733,Inf,-5.98526368245993,2.16039581266058e-09
QTL fixation,2 - 8,20X,Chr,200,3,CV,negative_QTL,DV,0.0369568014926183,0.00541011292048743,Inf,6.83105917302899,8.42899535004395e-12
QTL fixation,2 - 8,2X,Chr,200,3,CV,negative_QTL,DV,0.0362149288028196,0.00541011292048741,Inf,6.69393214801086,2.17252182114345e-11
QTL fixation,2 - 8,20X,Peri,200,3,CV,negative_QTL,DV,0.0378500057941671,0.00541011292048731,Inf,6.99615818568863,2.63076499786439e-12
QTL fixation,2 - 8,2X,Peri,200,3,CV,negative_QTL,DV,0.0309861092892032,0.00541011292048731,Inf,5.72744224466431,1.01956131370499e-08
QTL fixation,2 - 8,20X,WT,200,3,CV,negative_QTL,DV,0.0307635984448362,0.00541011292048734,Inf,5.68631355703108,1.29810959508891e-08
QTL fixation,2 - 8,2X,WT,200,3,CV,negative_QTL,DV,0.0358841339158231,0.00541011292048734,Inf,6.63278834346229,3.29404000472459e-11
QTL fixation,2 - 8,20X,Chr,2,4,CV,negative_QTL,DV,0.0773809523796165,0.00541011292048675,Inf,14.3030198291415,2.09516919123334e-46
QTL fixation,2 - 8,2X,Chr,2,4,CV,negative_QTL,DV,0.0797619047624501,0.00541011292048733,Inf,14.743112747315,3.40711706901174e-49
QTL fixation,2 - 8,20X,Peri,2,4,CV,negative_QTL,DV,0.0654761904761824,0.00541011292048731,Inf,12.102555240249,1.02374141535123e-33
QTL fixation,2 - 8,2X,Peri,2,4,CV,negative_QTL,DV,0.0752380952382856,0.00541011292048735,Inf,13.9069362033774,5.74897956173095e-44
QTL fixation,2 - 8,20X,WT,2,4,CV,negative_QTL,DV,0.0688095238098646,0.00541011292048739,Inf,12.7186853252715,4.65628362942602e-37
QTL fixation,2 - 8,2X,WT,2,4,CV,negative_QTL,DV,0.0790476190477666,0.00541011292048736,Inf,14.6110848718932,2.3868666889349e-48
QTL fixation,2 - 8,20X,Chr,200,4,CV,negative_QTL,DV,0.0463612769062202,0.00541011292048735,Inf,8.56937324370004,1.04049780163276e-17
QTL fixation,2 - 8,2X,Chr,200,4,CV,negative_QTL,DV,0.0387939568772056,0.00541011292048736,Inf,7.17063718398524,7.46494995586399e-13
QTL fixation,2 - 8,20X,Peri,200,4,CV,negative_QTL,DV,0.042914786273876,0.00541011292048734,Inf,7.93232727386589,2.15076740029732e-15
QTL fixation,2 - 8,2X,Peri,200,4,CV,negative_QTL,DV,0.0389740541715344,0.00541011292048734,Inf,7.20392619236192,5.85030420410869e-13
QTL fixation,2 - 8,20X,WT,200,4,CV,negative_QTL,DV,0.039971807347571,0.00541011292048735,Inf,7.38834991709753,1.48662096298501e-13
QTL fixation,2 - 8,2X,WT,200,4,CV,negative_QTL,DV,0.03622308218216,0.0054101129204873,Inf,6.69543921070269,2.15024819791365e-11
QTL fixation,2 - 8,20X,Chr,2,5,CV,negative_QTL,DV,0.0185714285746727,0.005410112920487,Inf,3.43272475965269,0.000597548374748311
QTL fixation,2 - 8,2X,Chr,2,5,CV,negative_QTL,DV,0.0121428571417586,0.00541011292048751,Inf,2.24447388071605,0.0248019276259147
QTL fixation,2 - 8,20X,Peri,2,5,CV,negative_QTL,DV,0.0128571428569397,0.0054101129204872,Inf,2.37650175622987,0.0174776781953935
QTL fixation,2 - 8,2X,Peri,2,5,CV,negative_QTL,DV,0.0333333333332506,0.00541011292048731,Inf,6.16130084956677,7.21497677900533e-10
QTL fixation,2 - 8,20X,WT,2,5,CV,negative_QTL,DV,0.0180952380948139,0.00541011292048744,Inf,3.34470617540892,0.000823697822863044
QTL fixation,2 - 8,2X,WT,2,5,CV,negative_QTL,DV,0.0161904761904133,0.00541011292048737,Inf,2.99263184121392,0.0027658317480329
QTL fixation,2 - 8,20X,Chr,200,5,CV,negative_QTL,DV,0.0573184557032405,0.00541011292048717,Inf,10.5946874946335,3.15392635117984e-26
QTL fixation,2 - 8,2X,Chr,200,5,CV,negative_QTL,DV,0.0491242248690165,0.00541011292048739,Inf,9.0800738526158,1.08501205613784e-19
QTL fixation,2 - 8,20X,Peri,200,5,CV,negative_QTL,DV,0.0555509522421037,0.00541011292048732,Inf,10.267983877331,9.82361355400907e-25
QTL fixation,2 - 8,2X,Peri,200,5,CV,negative_QTL,DV,0.0443540313960878,0.0054101129204873,Inf,8.19835593969316,2.43696877273589e-16
QTL fixation,2 - 8,20X,WT,200,5,CV,negative_QTL,DV,0.0460324040519079,0.00541011292048736,Inf,8.50858470579967,1.76069248648941e-17
QTL fixation,2 - 8,2X,WT,200,5,CV,negative_QTL,DV,0.0520012373883696,0.0054101129204873,Inf,9.61185804300843,7.12514476357452e-22
QTL fixation,2 - 8,20X,Chr,200,1,GW,negative_QTL,DV,0.0284735976260684,0.00541011292048718,Inf,5.26303203732472,1.41698874920613e-07
QTL fixation,2 - 8,2X,Chr,200,1,GW,negative_QTL,DV,0.0244490211701686,0.00541011292048724,Inf,4.51913324721634,6.20933084772307e-06
QTL fixation,2 - 8,20X,Peri,200,1,GW,negative_QTL,DV,0.0228030043422553,0.00541011292048726,Inf,4.21488510080887,2.4990538578391e-05
QTL fixation,2 - 8,2X,Peri,200,1,GW,negative_QTL,DV,0.0236698368731686,0.0054101129204873,Inf,4.37510958108369,1.21371491174341e-05
QTL fixation,2 - 8,20X,WT,200,1,GW,negative_QTL,DV,0.0268542246242137,0.00541011292048731,Inf,4.96370870976107,6.91596458870432e-07
QTL fixation,2 - 8,2X,WT,200,1,GW,negative_QTL,DV,0.0256210319064359,0.0054101129204873,Inf,4.73576656956879,2.18228654621279e-06
QTL fixation,2 - 8,20X,Chr,2,2,GW,negative_QTL,DV,-0.027619047620177,0.00541011292048738,Inf,-5.10507784700525,3.30658365787645e-07
QTL fixation,2 - 8,2X,Chr,2,2,GW,negative_QTL,DV,-0.0314285714282857,0.00541011292048736,Inf,-5.80922651526736,6.27621262009959e-09
QTL fixation,2 - 8,20X,Peri,2,2,GW,negative_QTL,DV,-0.039761904761656,0.00541011292048729,Inf,-7.34955172766979,1.98872681081114e-13
QTL fixation,2 - 8,2X,Peri,2,2,GW,negative_QTL,DV,-0.0480952380952441,0.00541011292048731,Inf,-8.88987694011237,6.11766252013386e-19
QTL fixation,2 - 8,20X,WT,2,2,GW,negative_QTL,DV,-0.0333333333330966,0.00541011292048729,Inf,-6.16130084953832,7.21497678030201e-10
QTL fixation,2 - 8,2X,WT,2,2,GW,negative_QTL,DV,-0.0407142857142934,0.00541011292048733,Inf,-7.52558889484806,5.24832318195556e-14
QTL fixation,2 - 8,20X,WT,200,2,GW,negative_QTL,DV,0.0117062075081738,0.00541011292048728,Inf,2.16376398796486,0.0304824672750053
QTL fixation,2 - 8,2X,WT,200,2,GW,negative_QTL,DV,0.0108798143447564,0.00541011292048728,Inf,2.01101428096929,0.0443239482991526
QTL fixation,2 - 8,2X,Chr,2,3,GW,negative_QTL,DV,-0.011904761904554,0.00541011292048733,Inf,-2.200464589098,0.0277739496495354
QTL fixation,2 - 8,20X,Peri,2,3,GW,negative_QTL,DV,-0.0114285714286084,0.00541011292048727,Inf,-2.11244600557784,0.0346482125452336
QTL fixation,2 - 8,2X,Peri,2,3,GW,negative_QTL,DV,-0.0164285714285094,0.00541011292048728,Inf,-3.03664113299684,0.00239230086070791
QTL fixation,2 - 8,20X,WT,2,3,GW,negative_QTL,DV,-0.0197619047618664,0.00541011292048732,Inf,-3.65277121795941,0.000259425353603717
QTL fixation,2 - 8,2X,WT,2,3,GW,negative_QTL,DV,-0.027857142857095,0.00541011292048727,Inf,-5.1490871385705,2.61757262620986e-07
QTL fixation,2 - 8,20X,Chr,200,3,GW,negative_QTL,DV,0.0228107081067673,0.00541011292048739,Inf,4.21630905713374,2.48333367677638e-05
QTL fixation,2 - 8,2X,Chr,200,3,GW,negative_QTL,DV,0.0187338957520819,0.00541011292048735,Inf,3.46275503439848,0.000534674936484616
QTL fixation,2 - 8,20X,Peri,200,3,GW,negative_QTL,DV,0.0155325496635863,0.00541011292048738,Inf,2.87102134315285,0.00409147898932596
QTL fixation,2 - 8,2X,Peri,200,3,GW,negative_QTL,DV,0.0169193632741637,0.00541011292048732,Inf,3.12735861946476,0.00176384631013113
QTL fixation,2 - 8,20X,WT,200,3,GW,negative_QTL,DV,0.0171154563250757,0.00541011292048734,Inf,3.16360426790019,0.00155828521790752
QTL fixation,2 - 8,2X,WT,200,3,GW,negative_QTL,DV,0.0170097135412338,0.00541011292048733,Inf,3.14405887478253,0.00166621913390933
QTL fixation,2 - 8,20X,Chr,2,4,GW,negative_QTL,DV,0.0702380952383202,0.00541011292048705,Inf,12.9827410759473,1.53294545190843e-38
QTL fixation,2 - 8,2X,Chr,2,4,GW,negative_QTL,DV,0.0876190476186784,0.0054101129204873,Inf,16.195419375976,5.4326086195807e-59
QTL fixation,2 - 8,20X,Peri,2,4,GW,negative_QTL,DV,0.0685714285716616,0.00541011292048729,Inf,12.6746760334691,8.16955165757153e-37
QTL fixation,2 - 8,2X,Peri,2,4,GW,negative_QTL,DV,0.0835714285713733,0.00541011292048734,Inf,15.4472614157276,7.87175894860162e-54
QTL fixation,2 - 8,20X,WT,2,4,GW,negative_QTL,DV,0.0721428571429754,0.00541011292048728,Inf,13.3348154101888,1.4521369748096e-40
QTL fixation,2 - 8,2X,WT,2,4,GW,negative_QTL,DV,0.0902380952380558,0.00541011292048731,Inf,16.679521585647,1.84692080744507e-62
QTL fixation,2 - 8,20X,Chr,200,4,GW,negative_QTL,DV,0.0228137573389647,0.00541011292048727,Inf,4.2168726742417,2.47713748467926e-05
QTL fixation,2 - 8,2X,Chr,200,4,GW,negative_QTL,DV,0.01994950382526,0.00541011292048727,Inf,3.68744684601947,0.000226515389695815
QTL fixation,2 - 8,20X,Peri,200,4,GW,negative_QTL,DV,0.0118465737876651,0.00541011292048728,Inf,2.18970915427734,0.0285453367590858
QTL fixation,2 - 8,2X,Peri,200,4,GW,negative_QTL,DV,0.0159427229280516,0.00541011292048743,Inf,2.94683736963761,0.00321041999953262
QTL fixation,2 - 8,20X,WT,200,4,GW,negative_QTL,DV,0.0197973618036816,0.0054101129204873,Inf,3.65932506301522,0.000252880402261779
QTL fixation,2 - 8,2X,WT,200,4,GW,negative_QTL,DV,0.0208263593623328,0.0054101129204873,Inf,3.84952396898528,0.000118347602785429
QTL fixation,2 - 8,20X,Chr,2,5,GW,negative_QTL,DV,0.0302380952370289,0.00541011292048717,Inf,5.58918005620963,2.28144297079292e-08
QTL fixation,2 - 8,2X,Chr,2,5,GW,negative_QTL,DV,0.0276190476192013,0.00541011292048732,Inf,5.10507784682496,3.30658366102915e-07
QTL fixation,2 - 8,20X,Peri,2,5,GW,negative_QTL,DV,0.0292857142855325,0.00541011292048732,Inf,5.41314288924205,6.19280326456158e-08
QTL fixation,2 - 8,2X,Peri,2,5,GW,negative_QTL,DV,0.0164285714286513,0.00541011292048734,Inf,3.03664113302304,0.0023923008605
QTL fixation,2 - 8,20X,WT,2,5,GW,negative_QTL,DV,0.0328571428570774,0.00541011292048735,Inf,6.07328226600447,1.25321884754981e-09
QTL fixation,2 - 8,2X,WT,2,5,GW,negative_QTL,DV,0.0454761904762675,0.0054101129204873,Inf,8.40577473051549,4.25046312074132e-17
QTL fixation,2 - 8,20X,Chr,200,5,GW,negative_QTL,DV,0.0400822807578108,0.0054101129204873,Inf,7.40876971458861,1.27476438603665e-13
QTL fixation,2 - 8,2X,Chr,200,5,GW,negative_QTL,DV,0.0322937486464763,0.00541011292048726,Inf,5.96914502915178,2.38500043509431e-09
QTL fixation,2 - 8,20X,Peri,200,5,GW,negative_QTL,DV,0.0307276254721105,0.00541011292048725,Inf,5.67966434780867,1.34959319252849e-08
QTL fixation,2 - 8,2X,Peri,200,5,GW,negative_QTL,DV,0.0274649708564492,0.00541011292048734,Inf,5.07659844814758,3.84251745024691e-07
QTL fixation,2 - 8,20X,WT,200,5,GW,negative_QTL,DV,0.0304906205865882,0.00541011292048733,Inf,5.63585659573288,1.74190290677768e-08
QTL fixation,2 - 8,2X,WT,200,5,GW,negative_QTL,DV,0.0322516825092787,0.00541011292048729,Inf,5.9613695653461,2.50132536574494e-09
QTL fixation,2 - 8,20X,Chr,2,1,CV,positive_QTL,DV,-0.0233333333261165,0.00541011292048676,Inf,-4.31291059337393,1.61119285222598e-05
QTL fixation,2 - 8,2X,Chr,2,1,CV,positive_QTL,DV,-0.0269047619031065,0.00541011292048802,Inf,-4.97304997114173,6.59076631512721e-07
QTL fixation,2 - 8,20X,Peri,2,1,CV,positive_QTL,DV,-0.0245238095237495,0.00541011292048699,Inf,-4.53295705361027,5.81636441231044e-06
QTL fixation,2 - 8,2X,Peri,2,1,CV,positive_QTL,DV,-0.0228571428568324,0.00541011292048729,Inf,-4.22489201108461,2.39055383228581e-05
QTL fixation,2 - 8,20X,WT,2,1,CV,positive_QTL,DV,-0.0250000000010844,0.0054101129204879,Inf,-4.62097563738647,3.81939629728221e-06
QTL fixation,2 - 8,2X,WT,2,1,CV,positive_QTL,DV,-0.0249999999992801,0.00541011292048757,Inf,-4.62097563705326,3.81939630341729e-06
QTL fixation,2 - 8,20X,Chr,200,1,CV,positive_QTL,DV,-0.0532442598803623,0.00541011292048713,Inf,-9.84161710908766,7.45035336918567e-23
QTL fixation,2 - 8,2X,Chr,200,1,CV,positive_QTL,DV,-0.04419006554372,0.0054101129204874,Inf,-8.16804865132814,3.1341753024475e-16
QTL fixation,2 - 8,20X,Peri,200,1,CV,positive_QTL,DV,-0.0527252695682838,0.00541011292048729,Inf,-9.74568744556534,1.9247170082477e-22
QTL fixation,2 - 8,2X,Peri,200,1,CV,positive_QTL,DV,-0.0483543694487851,0.00541011292048733,Inf,-8.93777452697411,3.97086270562575e-19
QTL fixation,2 - 8,20X,WT,200,1,CV,positive_QTL,DV,-0.0437416335681676,0.00541011292048752,Inf,-8.08516092196944,6.20821695216214e-16
QTL fixation,2 - 8,2X,WT,200,1,CV,positive_QTL,DV,-0.0456462761686977,0.00541011292048737,Inf,-8.43721320415354,3.24993319592087e-17
QTL fixation,2 - 8,20X,Chr,2,2,CV,positive_QTL,DV,0.047619047616863,0.00541011292048739,Inf,8.80185835614186,1.34568961950937e-18
QTL fixation,2 - 8,2X,Chr,2,2,CV,positive_QTL,DV,0.0488095238097116,0.00541011292048734,Inf,9.02190481549409,1.84846795569542e-19
QTL fixation,2 - 8,20X,Peri,2,2,CV,positive_QTL,DV,0.0514285714294338,0.00541011292048729,Inf,9.50600702522891,1.9812168284743e-21
QTL fixation,2 - 8,2X,Peri,2,2,CV,positive_QTL,DV,0.0552380952379515,0.00541011292048733,Inf,10.2101556935665,1.78578058609321e-24
QTL fixation,2 - 8,20X,WT,2,2,CV,positive_QTL,DV,0.0426190476198242,0.00541011292048732,Inf,7.87766322925202,3.33560286394343e-15
QTL fixation,2 - 8,2X,WT,2,2,CV,positive_QTL,DV,0.0526190476189178,0.00541011292048727,Inf,9.72605348395919,2.3347594151826e-22
QTL fixation,2 - 8,20X,Chr,200,2,CV,positive_QTL,DV,-0.0113742972386873,0.00541011292048731,Inf,-2.1024140172037,0.0355170243662582
QTL fixation,2 - 8,20X,Peri,200,2,CV,positive_QTL,DV,-0.0108218539655811,0.00541011292048725,Inf,-2.00030094096566,0.045467777487122
QTL fixation,2 - 8,20X,Chr,2,3,CV,positive_QTL,DV,0.0254761904725003,0.00541011292048726,Inf,4.70899422006996,2.48942129539537e-06
QTL fixation,2 - 8,2X,Chr,2,3,CV,positive_QTL,DV,0.0285714285723451,0.00541011292048724,Inf,5.28111501409695,1.28400051054704e-07
QTL fixation,2 - 8,20X,Peri,2,3,CV,positive_QTL,DV,0.0388095238103232,0.0054101129204873,Inf,7.1735145607326,7.30964740986381e-13
QTL fixation,2 - 8,2X,Peri,2,3,CV,positive_QTL,DV,0.0126190476189034,0.0054101129204873,Inf,2.33249246445799,0.0196747988822526
QTL fixation,2 - 8,20X,WT,2,3,CV,positive_QTL,DV,0.0159523809532884,0.00541011292048739,Inf,2.94862254961053,0.00319193557934553
QTL fixation,2 - 8,2X,WT,2,3,CV,positive_QTL,DV,0.0323809523808097,0.00541011292048741,Inf,5.98526368242466,2.16039581312874e-09
QTL fixation,2 - 8,20X,Chr,200,3,CV,positive_QTL,DV,0.0190208797828688,0.0054101129204873,Inf,3.51580088297964,0.000438429662254324
QTL fixation,2 - 8,2X,Chr,200,3,CV,positive_QTL,DV,0.0146962344445967,0.0054101129204873,Inf,2.71643765307452,0.00659886226298589
QTL fixation,2 - 8,20X,Peri,200,3,CV,positive_QTL,DV,0.01256036736811,0.00541011292048731,Inf,2.32164606408597,0.0202520013779185
QTL fixation,2 - 8,2X,Peri,200,3,CV,positive_QTL,DV,0.012054037535893,0.00541011292048717,Inf,2.22805655132381,0.0258767441445173
QTL fixation,2 - 8,20X,WT,200,3,CV,positive_QTL,DV,0.0138785890798069,0.00541011292048732,Inf,2.56530488065243,0.0103085181781149
QTL fixation,2 - 8,2X,WT,200,3,CV,positive_QTL,DV,0.0148999889675345,0.00541011292048741,Inf,2.75409944053296,0.00588538832289295
QTL fixation,2 - 8,20X,Chr,2,4,CV,positive_QTL,DV,-0.0773809523792409,0.00541011292048722,Inf,-14.3030198290708,2.09516919336118e-46
QTL fixation,2 - 8,2X,Chr,2,4,CV,positive_QTL,DV,-0.0797619047618198,0.00541011292048729,Inf,-14.7431127471986,3.40711707488549e-49
QTL fixation,2 - 8,20X,Peri,2,4,CV,positive_QTL,DV,-0.0654761904766713,0.00541011292048733,Inf,-12.1025552403393,1.02374141422451e-33
QTL fixation,2 - 8,2X,Peri,2,4,CV,positive_QTL,DV,-0.0752380952380709,0.00541011292048727,Inf,-13.906936203338,5.74897956490424e-44
QTL fixation,2 - 8,20X,WT,2,4,CV,positive_QTL,DV,-0.06880952381007,0.00541011292048728,Inf,-12.7186853253097,4.65628362714789e-37
QTL fixation,2 - 8,2X,WT,2,4,CV,positive_QTL,DV,-0.079047619047605,0.00541011292048736,Inf,-14.6110848718633,2.38686668998074e-48
QTL fixation,2 - 8,20X,Chr,200,4,CV,positive_QTL,DV,0.0162551449379275,0.00541011292048726,Inf,3.00458514948399,0.00265943307220745
QTL fixation,2 - 8,2X,Chr,200,4,CV,positive_QTL,DV,0.0121495795636708,0.00541011292048735,Inf,2.24571644663128,0.0247221760447996
QTL fixation,2 - 8,20X,Peri,200,4,CV,positive_QTL,DV,0.0151674132100697,0.00541011292048726,Inf,2.80352987691497,0.00505465488381644
QTL fixation,2 - 8,2X,Peri,200,4,CV,positive_QTL,DV,0.0125092779443512,0.00541011292048733,Inf,2.31220274478567,0.020766513104917
QTL fixation,2 - 8,20X,WT,200,4,CV,positive_QTL,DV,0.0120610971807425,0.00541011292048726,Inf,2.22936144919803,0.0257898650803749
QTL fixation,2 - 8,20X,Chr,2,5,CV,positive_QTL,DV,-0.0185714285745301,0.00541011292048717,Inf,-3.43272475962623,0.000597548374806621
QTL fixation,2 - 8,2X,Chr,2,5,CV,positive_QTL,DV,-0.0121428571419041,0.00541011292048727,Inf,-2.24447388074304,0.02480192762418
QTL fixation,2 - 8,20X,Peri,2,5,CV,positive_QTL,DV,-0.0128571428565971,0.00541011292048733,Inf,-2.37650175616649,0.0174776781983961
QTL fixation,2 - 8,2X,Peri,2,5,CV,positive_QTL,DV,-0.0333333333334311,0.0054101129204874,Inf,-6.16130084960002,7.21497677749006e-10
QTL fixation,2 - 8,20X,WT,2,5,CV,positive_QTL,DV,-0.0180952380945848,0.00541011292048735,Inf,-3.34470617536662,0.000823697822988647
QTL fixation,2 - 8,2X,WT,2,5,CV,positive_QTL,DV,-0.0161904761905859,0.00541011292048738,Inf,-2.99263184124581,0.00276583174774396
QTL fixation,2 - 8,2X,Chr,200,5,CV,positive_QTL,DV,-0.0119303988512601,0.00541011292048729,Inf,-2.20520329734366,0.0274398319192639
QTL fixation,2 - 8,20X,Peri,200,5,CV,positive_QTL,DV,-0.0127146955324772,0.00541011292048734,Inf,-2.35017193159285,0.0187647412038833
QTL fixation,2 - 8,2X,Peri,200,5,CV,positive_QTL,DV,-0.0135974815629436,0.00541011292048746,Inf,-2.51334524117816,0.0119592236043255
QTL fixation,2 - 8,20X,WT,200,5,CV,positive_QTL,DV,-0.0142560330724825,0.00541011292048731,Inf,-2.6350712604347,0.00841196209212214
QTL fixation,2 - 8,20X,Chr,2,1,GW,positive_QTL,DV,-0.0197619047609297,0.00541011292048693,Inf,-3.65277121778653,0.000259425353778438
QTL fixation,2 - 8,2X,Chr,2,1,GW,positive_QTL,DV,-0.0164285714283479,0.00541011292048734,Inf,-3.03664113296697,0.00239230086094497
QTL fixation,2 - 8,20X,Peri,2,1,GW,positive_QTL,DV,-0.0230952380946996,0.00541011292048724,Inf,-4.26890130282523,1.96438158279305e-05
QTL fixation,2 - 8,2X,Peri,2,1,GW,positive_QTL,DV,-0.0195238095236617,0.00541011292048728,Inf,-3.60876192615647,0.000307661786591171
QTL fixation,2 - 8,20X,WT,2,1,GW,positive_QTL,DV,-0.0185714285708111,0.00541011292048749,Inf,-3.43272475893861,0.000597548376321964
QTL fixation,2 - 8,2X,WT,2,1,GW,positive_QTL,DV,-0.0188095238093887,0.00541011292048734,Inf,-3.47673405081059,0.000507561007277837
QTL fixation,2 - 8,20X,Chr,200,1,GW,positive_QTL,DV,-0.0500991892503897,0.00541011292048727,Inf,-9.26028531875403,2.03886652517865e-20
QTL fixation,2 - 8,2X,Chr,200,1,GW,positive_QTL,DV,-0.046301261758754,0.00541011292048728,Inf,-8.55828010232801,1.14563745419537e-17
QTL fixation,2 - 8,20X,Peri,200,1,GW,positive_QTL,DV,-0.0542367853172405,0.00541011292048726,Inf,-10.0250745436115,1.18270322605812e-23
QTL fixation,2 - 8,2X,Peri,200,1,GW,positive_QTL,DV,-0.0506836952249675,0.00541011292048732,Inf,-9.36832483348651,7.36927899723038e-21
QTL fixation,2 - 8,20X,WT,200,1,GW,positive_QTL,DV,-0.0460556120934875,0.00541011292048737,Inf,-8.51287445758869,1.69673747662661e-17
QTL fixation,2 - 8,2X,WT,200,1,GW,positive_QTL,DV,-0.0432870380913546,0.00541011292048736,Inf,-8.00113393704456,1.23278601603382e-15
QTL fixation,2 - 8,2X,WT,2,2,GW,positive_QTL,DV,0.0140476190476215,0.00541011292048737,Inf,2.59654821518143,0.00941656887595854
QTL fixation,2 - 8,20X,Chr,200,2,GW,positive_QTL,DV,-0.0172854349446177,0.00541011292048727,Inf,-3.19502295029007,0.00139819721511535
QTL fixation,2 - 8,2X,Chr,200,2,GW,positive_QTL,DV,-0.0164798724699106,0.00541011292048728,Inf,-3.04612356749594,0.00231812545604723
QTL fixation,2 - 8,20X,Peri,200,2,GW,positive_QTL,DV,-0.0218622243887262,0.00541011292048715,Inf,-4.0409922510005,5.32255173500232e-05
QTL fixation,2 - 8,2X,Peri,200,2,GW,positive_QTL,DV,-0.016030566931743,0.00541011292048712,Inf,-2.96307436967501,0.00304582970010509
QTL fixation,2 - 8,20X,WT,200,2,GW,positive_QTL,DV,-0.0149685325079326,0.00541011292048731,Inf,-2.76676896174365,0.00566148621983206
QTL fixation,2 - 8,2X,WT,200,2,GW,positive_QTL,DV,-0.0128838310729209,0.00541011292048741,Inf,-2.38143478006372,0.0172453442412558
QTL fixation,2 - 8,20X,Chr,2,3,GW,positive_QTL,DV,-0.0359523809513869,0.00541011292048728,Inf,-6.64540305900838,3.02388430894481e-11
QTL fixation,2 - 8,2X,Chr,2,3,GW,positive_QTL,DV,-0.0259523809522571,0.00541011292048727,Inf,-4.7970128042946,1.61049310395079e-06
QTL fixation,2 - 8,20X,Peri,2,3,GW,positive_QTL,DV,-0.0476190476191781,0.00541011292048719,Inf,-8.80185835657011,1.34568961437301e-18
QTL fixation,2 - 8,2X,Peri,2,3,GW,positive_QTL,DV,-0.025000000000007,0.00541011292048712,Inf,-4.62097563718801,3.81939630093624e-06
QTL fixation,2 - 8,20X,WT,2,3,GW,positive_QTL,DV,-0.0207142857144344,0.00541011292048731,Inf,-3.82880838512491,0.000128765209910778
QTL fixation,2 - 8,20X,Chr,2,4,GW,positive_QTL,DV,-0.119523809523712,0.00541011292048725,Inf,-22.0926644749121,3.71806298824327e-108
QTL fixation,2 - 8,2X,Chr,2,4,GW,positive_QTL,DV,-0.134523809524001,0.00541011292048733,Inf,-24.8652498572771,1.76892836771924e-136
QTL fixation,2 - 8,20X,Peri,2,4,GW,positive_QTL,DV,-0.124285714285683,0.00541011292048728,Inf,-22.9728503105789,8.71059235674886e-117
QTL fixation,2 - 8,2X,Peri,2,4,GW,positive_QTL,DV,-0.128095238095232,0.00541011292048729,Inf,-23.6769989791071,6.22354614574892e-124
QTL fixation,2 - 8,20X,WT,2,4,GW,positive_QTL,DV,-0.111428571428529,0.00541011292048729,Inf,-20.5963485543094,2.95933063585138e-94
QTL fixation,2 - 8,2X,WT,2,4,GW,positive_QTL,DV,-0.12833333333333,0.00541011292048737,Inf,-23.7210082708901,2.18914934762284e-124
QTL fixation,2 - 8,20X,Peri,200,4,GW,positive_QTL,DV,-0.0125652510618414,0.00541011292048733,Inf,-2.32254876127605,0.0202034060322104
QTL fixation,2 - 8,20X,Chr,2,5,GW,positive_QTL,DV,-0.0904761904754104,0.0054101129204872,Inf,-16.7235308772932,8.83274725646056e-63
QTL fixation,2 - 8,2X,Chr,2,5,GW,positive_QTL,DV,-0.0757142857142074,0.00541011292048729,Inf,-13.9949547868934,1.67336065036085e-44
QTL fixation,2 - 8,20X,Peri,2,5,GW,positive_QTL,DV,-0.104047619047665,0.00541011292048733,Inf,-19.232060509061,1.9954034375688e-82
QTL fixation,2 - 8,2X,Peri,2,5,GW,positive_QTL,DV,-0.0800000000000154,0.00541011292048741,Inf,-14.7871220389995,1.77377536685827e-49
QTL fixation,2 - 8,20X,WT,2,5,GW,positive_QTL,DV,-0.0738095238096,0.00541011292048732,Inf,-13.64288045266,2.22591685970902e-42
QTL fixation,2 - 8,2X,WT,2,5,GW,positive_QTL,DV,-0.0826190476190656,0.00541011292048733,Inf,-15.2712242486102,1.18919334461842e-52
QTL fixation,2 - 8,20X,Chr,200,5,GW,positive_QTL,DV,-0.0301384960568685,0.00541011292048729,Inf,-5.5707702408093,2.53615600635473e-08
QTL fixation,2 - 8,2X,Chr,200,5,GW,positive_QTL,DV,-0.0332554858465332,0.0054101129204872,Inf,-6.14691159598541,7.90061328292174e-10
QTL fixation,2 - 8,20X,Peri,200,5,GW,positive_QTL,DV,-0.0415338607469911,0.00541011292048729,Inf,-7.6770783452058,1.62757899767547e-14
QTL fixation,2 - 8,2X,Peri,200,5,GW,positive_QTL,DV,-0.0370721558511605,0.00541011292048715,Inf,-6.85238116024801,7.26307187926666e-12
QTL fixation,2 - 8,20X,WT,200,5,GW,positive_QTL,DV,-0.0350340706007591,0.00541011292048749,Inf,-6.47566346870304,9.43962277128555e-11
QTL fixation,2 - 8,2X,WT,200,5,GW,positive_QTL,DV,-0.0315947948458714,0.00541011292048736,Inf,-5.8399510897871,5.22161495064543e-09
QTL fixation,2 - 8,20X,Chr,2,1,CV,negative_QTL,R,0.0326190476140989,0.00541011292048686,Inf,6.02927297331964,1.64698898899302e-09
QTL fixation,2 - 8,2X,Chr,2,1,CV,negative_QTL,R,0.0299999999986232,0.00541011292048789,Inf,5.54517076436878,2.93667423012496e-08
QTL fixation,2 - 8,20X,Peri,2,1,CV,negative_QTL,R,0.0328571428565661,0.00541011292048692,Inf,6.07328226591043,1.25321884828403e-09
QTL fixation,2 - 8,2X,Peri,2,1,CV,negative_QTL,R,0.0266666666666123,0.00541011292048719,Inf,4.92904067965571,8.26343688256796e-07
QTL fixation,2 - 8,20X,WT,2,1,CV,negative_QTL,R,0.0338095238090552,0.00541011292048743,Inf,6.24931943306075,4.12245026495378e-10
QTL fixation,2 - 8,2X,WT,2,1,CV,negative_QTL,R,0.0285714285714281,0.0054101129204873,Inf,5.28111501392741,1.28400051173542e-07
QTL fixation,2 - 8,20X,Chr,200,1,CV,negative_QTL,R,0.038042795759851,0.00541011292048763,Inf,7.03179329506899,2.03895720221785e-12
QTL fixation,2 - 8,2X,Chr,200,1,CV,negative_QTL,R,0.0397509513448156,0.00541011292048737,Inf,7.34752710877514,2.01907356605842e-13
QTL fixation,2 - 8,20X,Peri,200,1,CV,negative_QTL,R,0.0395543871746784,0.00541011292048736,Inf,7.31119437912125,2.64778175865051e-13
QTL fixation,2 - 8,2X,Peri,200,1,CV,negative_QTL,R,0.0404563265562974,0.00541011292048731,Inf,7.47790797546853,7.55150441892105e-14
QTL fixation,2 - 8,20X,WT,200,1,CV,negative_QTL,R,0.0404974059296066,0.00541011292048739,Inf,7.48550104679853,7.1274690023695e-14
QTL fixation,2 - 8,2X,WT,200,1,CV,negative_QTL,R,0.0402614806805145,0.00541011292048732,Inf,7.44189285366856,9.92527136739332e-14
QTL fixation,2 - 8,20X,Chr,2,2,CV,negative_QTL,R,-0.0488095238102652,0.00541011292048744,Inf,-9.02190481559627,1.84846795397096e-19
QTL fixation,2 - 8,2X,Chr,2,2,CV,negative_QTL,R,-0.0483333333331007,0.00541011292048732,Inf,-8.93388623185097,4.11300286233041e-19
QTL fixation,2 - 8,20X,Peri,2,2,CV,negative_QTL,R,-0.0466666666664989,0.00541011292048734,Inf,-8.62582118938382,6.36343783714044e-18
QTL fixation,2 - 8,2X,Peri,2,2,CV,negative_QTL,R,-0.0416666666666837,0.00541011292048732,Inf,-7.7016260619807,1.34345547068363e-14
QTL fixation,2 - 8,20X,WT,2,2,CV,negative_QTL,R,-0.0449999999998245,0.00541011292048732,Inf,-8.31775614690331,8.9644209677699e-17
QTL fixation,2 - 8,2X,WT,2,2,CV,negative_QTL,R,-0.0354761904762203,0.00541011292048733,Inf,-6.5573844756321,5.47597015371257e-11
QTL fixation,2 - 8,20X,Chr,200,2,CV,negative_QTL,R,0.0286418699571621,0.00541011292048734,Inf,5.29413533102043,1.19580855830525e-07
QTL fixation,2 - 8,2X,Chr,200,2,CV,negative_QTL,R,0.029044227457256,0.00541011292048733,Inf,5.36850669923536,7.93912427240321e-08
QTL fixation,2 - 8,20X,Peri,200,2,CV,negative_QTL,R,0.0243136939524442,0.00541011292048737,Inf,4.49411949617014,6.98583938461235e-06
QTL fixation,2 - 8,2X,Peri,200,2,CV,negative_QTL,R,0.0259649461016766,0.00541011292048735,Inf,4.79933533426834,1.59193059213943e-06
QTL fixation,2 - 8,20X,WT,200,2,CV,negative_QTL,R,0.0296914586927735,0.00541011292048734,Inf,5.48814029007344,4.06187418305502e-08
QTL fixation,2 - 8,2X,WT,200,2,CV,negative_QTL,R,0.0316748994115829,0.00541011292048747,Inf,5.85475753965018,4.77706416522632e-09
QTL fixation,2 - 8,20X,Chr,2,3,CV,negative_QTL,R,-0.0357142857155739,0.00541011292048743,Inf,-6.6013937676473,4.07310088045708e-11
QTL fixation,2 - 8,2X,Chr,2,3,CV,negative_QTL,R,-0.0188095238092429,0.0054101129204873,Inf,-3.47673405078368,0.000507561007328778
QTL fixation,2 - 8,20X,Peri,2,3,CV,negative_QTL,R,-0.0197619047618538,0.00541011292048729,Inf,-3.6527712179571,0.000259425353606051
QTL fixation,2 - 8,20X,WT,2,3,CV,negative_QTL,R,-0.0154761904761009,0.00541011292048739,Inf,-2.86060396586078,0.00422834887850885
QTL fixation,2 - 8,2X,WT,2,3,CV,negative_QTL,R,-0.0304761904761545,0.00541011292048735,Inf,-5.63318934818263,1.76907039590119e-08
QTL fixation,2 - 8,20X,Chr,200,3,CV,negative_QTL,R,0.0382367680690206,0.00541011292048738,Inf,7.06764694766777,1.57582841568191e-12
QTL fixation,2 - 8,2X,Chr,200,3,CV,negative_QTL,R,0.0439200884515995,0.0054101129204873,Inf,8.11814634871679,4.7335777933968e-16
QTL fixation,2 - 8,20X,Peri,200,3,CV,negative_QTL,R,0.0445472703612593,0.00541011292048739,Inf,8.23407404170155,1.80951753740366e-16
QTL fixation,2 - 8,2X,Peri,200,3,CV,negative_QTL,R,0.0436109750266735,0.00541011292048734,Inf,8.06101012448831,7.56665616320743e-16
QTL fixation,2 - 8,20X,WT,200,3,CV,negative_QTL,R,0.0406376474544151,0.0054101129204874,Inf,7.51142315357699,5.84880011347055e-14
QTL fixation,2 - 8,2X,WT,200,3,CV,negative_QTL,R,0.0386667739340558,0.00541011292048738,Inf,7.14712881271477,8.86117200911783e-13
QTL fixation,2 - 8,20X,Chr,2,4,CV,negative_QTL,R,0.0876190476192713,0.00541011292048719,Inf,16.195419376086,5.43260860986975e-59
QTL fixation,2 - 8,2X,Chr,2,4,CV,negative_QTL,R,0.0826190476189057,0.00541011292048734,Inf,15.2712242485806,1.18919334515844e-52
QTL fixation,2 - 8,20X,Peri,2,4,CV,negative_QTL,R,0.0914285714286541,0.0054101129204873,Inf,16.8995680445833,4.53214422818544e-64
QTL fixation,2 - 8,2X,Peri,2,4,CV,negative_QTL,R,0.0859523809523777,0.00541011292048727,Inf,15.8873543335647,7.75314273501533e-57
QTL fixation,2 - 8,20X,WT,2,4,CV,negative_QTL,R,0.09309523809529,0.00541011292048729,Inf,17.2076330870567,2.32752234048759e-66
QTL fixation,2 - 8,2X,WT,2,4,CV,negative_QTL,R,0.0745238095237962,0.00541011292048728,Inf,13.7749083279918,3.60840834860444e-43
QTL fixation,2 - 8,20X,Chr,200,4,CV,negative_QTL,R,0.0503729228731436,0.00541011292048733,Inf,9.31088197482689,1.26775195591258e-20
QTL fixation,2 - 8,2X,Chr,200,4,CV,negative_QTL,R,0.0486858716765861,0.00541011292048732,Inf,8.99904907570778,2.27681128094823e-19
QTL fixation,2 - 8,20X,Peri,200,4,CV,negative_QTL,R,0.0475909890269525,0.00541011292048731,Inf,8.79667203372638,1.40933436989038e-18
QTL fixation,2 - 8,2X,Peri,200,4,CV,negative_QTL,R,0.0457309011367597,0.00541011292048731,Inf,8.45285520078212,2.84264133160794e-17
QTL fixation,2 - 8,20X,WT,200,4,CV,negative_QTL,R,0.0495455983940982,0.00541011292048729,Inf,9.15796012435829,5.28875510112152e-20
QTL fixation,2 - 8,2X,WT,200,4,CV,negative_QTL,R,0.0501090647770777,0.00541011292048729,Inf,9.26211070148317,2.0043023528245e-20
QTL fixation,2 - 8,20X,Chr,2,5,CV,negative_QTL,R,0.0273809523798535,0.00541011292048738,Inf,5.06106855481066,4.16913263123493e-07
QTL fixation,2 - 8,2X,Chr,2,5,CV,negative_QTL,R,0.0264285714287259,0.00541011292048738,Inf,4.88503138791141,1.03412378427724e-06
QTL fixation,2 - 8,20X,Peri,2,5,CV,negative_QTL,R,0.0321428571428334,0.00541011292048728,Inf,5.94125439066405,2.8284927851798e-09
QTL fixation,2 - 8,2X,Peri,2,5,CV,negative_QTL,R,0.02619047619052,0.00541011292048731,Inf,4.84102209610829,1.29173006935742e-06
QTL fixation,2 - 8,20X,WT,2,5,CV,negative_QTL,R,0.0250000000000318,0.00541011292048736,Inf,4.62097563719238,3.81939630085575e-06
QTL fixation,2 - 8,2X,WT,2,5,CV,negative_QTL,R,0.0273809523809829,0.00541011292048735,Inf,5.06106855501944,4.16913262666887e-07
QTL fixation,2 - 8,20X,Chr,200,5,CV,negative_QTL,R,0.053542565724449,0.00541011292048736,Inf,9.89675567060543,4.29998273797064e-23
QTL fixation,2 - 8,2X,Chr,200,5,CV,negative_QTL,R,0.0547999608258844,0.0054101129204873,Inf,10.1291713558076,4.10110074244826e-24
QTL fixation,2 - 8,20X,Peri,200,5,CV,negative_QTL,R,0.0579565667042383,0.00541011292048735,Inf,10.7126353102104,8.87974588330521e-27
QTL fixation,2 - 8,2X,Peri,200,5,CV,negative_QTL,R,0.053070821669729,0.00541011292048736,Inf,9.80955895925147,1.02415197791256e-22
QTL fixation,2 - 8,20X,WT,200,5,CV,negative_QTL,R,0.0534890783521023,0.00541011292048734,Inf,9.88686911682503,4.74640246260326e-23
QTL fixation,2 - 8,2X,WT,200,5,CV,negative_QTL,R,0.0510403600951978,0.00541011292048729,Inf,9.43425042052552,3.9379978099777e-21
QTL fixation,2 - 8,20X,Chr,200,1,GW,negative_QTL,R,0.0339213922820813,0.00541011292048738,Inf,6.26999709259773,3.61054847037777e-10
QTL fixation,2 - 8,2X,Chr,200,1,GW,negative_QTL,R,0.0349758988633413,0.00541011292048732,Inf,6.464911061448,1.01358405632111e-10
QTL fixation,2 - 8,20X,Peri,200,1,GW,negative_QTL,R,0.0327157056083932,0.00541011292048728,Inf,6.04713914279012,1.47440417336686e-09
QTL fixation,2 - 8,2X,Peri,200,1,GW,negative_QTL,R,0.0343983229119726,0.00541011292048732,Inf,6.35815248545202,2.04194720572083e-10
QTL fixation,2 - 8,20X,WT,200,1,GW,negative_QTL,R,0.0369675031333157,0.00541011292048735,Inf,6.83303725386672,8.31353549253924e-12
QTL fixation,2 - 8,2X,WT,200,1,GW,negative_QTL,R,0.0345856625876593,0.00541011292048734,Inf,6.39278016854108,1.62896377037373e-10
QTL fixation,2 - 8,20X,Chr,2,2,GW,negative_QTL,R,-0.0380952380949626,0.00541011292048738,Inf,-7.04148668518563,1.90199393889371e-12
QTL fixation,2 - 8,2X,Chr,2,2,GW,negative_QTL,R,-0.0433333333333975,0.00541011292048732,Inf,-8.00969110446852,1.14996913418966e-15
QTL fixation,2 - 8,20X,Peri,2,2,GW,negative_QTL,R,-0.0423809523809851,0.00541011292048736,Inf,-7.83365393733175,4.73892004631906e-15
QTL fixation,2 - 8,2X,Peri,2,2,GW,negative_QTL,R,-0.0333333333333335,0.00541011292048743,Inf,-6.16130084958195,7.21497677831384e-10
QTL fixation,2 - 8,20X,WT,2,2,GW,negative_QTL,R,-0.0485714285714749,0.00541011292048732,Inf,-8.97789552368528,2.75994977150737e-19
QTL fixation,2 - 8,2X,WT,2,2,GW,negative_QTL,R,-0.0502380952380881,0.00541011292048729,Inf,-9.28596056615453,1.60255056562689e-20
QTL fixation,2 - 8,20X,Chr,200,2,GW,negative_QTL,R,0.0172082201299815,0.00541011292048732,Inf,3.1807506391995,0.00146894009943136
QTL fixation,2 - 8,2X,Chr,200,2,GW,negative_QTL,R,0.0204333814335748,0.00541011292048729,Inf,3.77688631159557,0.000158801172775961
QTL fixation,2 - 8,20X,Peri,200,2,GW,negative_QTL,R,0.0168882823391609,0.00541011292048736,Inf,3.12161364972759,0.00179862809468138
QTL fixation,2 - 8,2X,Peri,200,2,GW,negative_QTL,R,0.0172316043396816,0.00541011292048746,Inf,3.18507295373217,0.00144717520526715
QTL fixation,2 - 8,20X,WT,200,2,GW,negative_QTL,R,0.0214531299861138,0.00541011292048729,Inf,3.96537564028914,7.32804507570214e-05
QTL fixation,2 - 8,2X,WT,200,2,GW,negative_QTL,R,0.0216193422689502,0.00541011292048707,Inf,3.99609815667282,6.43950426269972e-05
QTL fixation,2 - 8,20X,Chr,2,3,GW,negative_QTL,R,-0.0107142857140744,0.00541011292048735,Inf,-1.98041813018374,0.0476565643929894
QTL fixation,2 - 8,2X,Peri,2,3,GW,negative_QTL,R,-0.0116666666666711,0.00541011292048745,Inf,-2.15645529735448,0.0310481307795095
QTL fixation,2 - 8,20X,WT,2,3,GW,negative_QTL,R,-0.0138095238094874,0.00541011292048736,Inf,-2.55253892339152,0.0106940959779532
QTL fixation,2 - 8,20X,Chr,200,3,GW,negative_QTL,R,0.0303536960580564,0.00541011292048735,Inf,5.61054759931371,2.0168738630066e-08
QTL fixation,2 - 8,2X,Chr,200,3,GW,negative_QTL,R,0.0343541022396873,0.00541011292048731,Inf,6.34997877948043,2.15344631071556e-10
QTL fixation,2 - 8,20X,Peri,200,3,GW,negative_QTL,R,0.0319489102112722,0.00541011292048745,Inf,5.90540542883782,3.5178054204824e-09
QTL fixation,2 - 8,2X,Peri,200,3,GW,negative_QTL,R,0.0323855046823844,0.0054101129204871,Inf,5.98610512541179,2.14925483982337e-09
QTL fixation,2 - 8,20X,WT,200,3,GW,negative_QTL,R,0.0327257344613473,0.00541011292048742,Inf,6.04899286619676,1.4575411265369e-09
QTL fixation,2 - 8,2X,WT,200,3,GW,negative_QTL,R,0.0329488575709669,0.00541011292048761,Inf,6.09023472434236,1.127452596379e-09
QTL fixation,2 - 8,20X,Chr,2,4,GW,negative_QTL,R,0.0952380952380981,0.00541011292048726,Inf,17.6037167130923,2.3067685174303e-69
QTL fixation,2 - 8,2X,Chr,2,4,GW,negative_QTL,R,0.0928571428572432,0.00541011292048731,Inf,17.1636237952829,4.97127044954049e-66
QTL fixation,2 - 8,20X,Peri,2,4,GW,negative_QTL,R,0.0842857142856661,0.00541011292048728,Inf,15.5792892910772,1.00667756325547e-54
QTL fixation,2 - 8,2X,Peri,2,4,GW,negative_QTL,R,0.081666666666656,0.00541011292048736,Inf,15.0951870814739,1.74193138532335e-51
QTL fixation,2 - 8,20X,WT,2,4,GW,negative_QTL,R,0.0830952380952033,0.00541011292048734,Inf,15.3592428321659,3.07140771426324e-53
QTL fixation,2 - 8,2X,WT,2,4,GW,negative_QTL,R,0.0849999999999957,0.00541011292048728,Inf,15.7113171664335,1.26522887313906e-55
QTL fixation,2 - 8,20X,Chr,200,4,GW,negative_QTL,R,0.0334979328221786,0.00541011292048737,Inf,6.1917252586959,5.95092143531372e-10
QTL fixation,2 - 8,2X,Chr,200,4,GW,negative_QTL,R,0.0363626855061931,0.00541011292048731,Inf,6.72124335307179,1.80180376426173e-11
QTL fixation,2 - 8,20X,Peri,200,4,GW,negative_QTL,R,0.0364198815858898,0.00541011292048726,Inf,6.73181542070469,1.67559122390845e-11
QTL fixation,2 - 8,2X,Peri,200,4,GW,negative_QTL,R,0.0346644560543603,0.0054101129204875,Inf,6.40734427614067,1.48076200608865e-10
QTL fixation,2 - 8,20X,WT,200,4,GW,negative_QTL,R,0.0356867606291016,0.00541011292048736,Inf,6.5963060574874,4.21528293781609e-11
QTL fixation,2 - 8,2X,WT,200,4,GW,negative_QTL,R,0.0385055832703456,0.00541011292048732,Inf,7.11733448751698,1.10034229727575e-12
QTL fixation,2 - 8,20X,Chr,2,5,GW,negative_QTL,R,0.0288095238096573,0.00541011292048733,Inf,5.32512430573486,1.00884024842107e-07
QTL fixation,2 - 8,2X,Chr,2,5,GW,negative_QTL,R,0.0288095238094705,0.00541011292048733,Inf,5.32512430570033,1.0088402486127e-07
QTL fixation,2 - 8,20X,Peri,2,5,GW,negative_QTL,R,0.0373809523810236,0.00541011292048728,Inf,6.90945880990166,4.86506101002711e-12
QTL fixation,2 - 8,2X,Peri,2,5,GW,negative_QTL,R,0.0380952380952328,0.00541011292048729,Inf,7.04148668523569,1.90199393821028e-12
QTL fixation,2 - 8,20X,WT,2,5,GW,negative_QTL,R,0.0152380952381687,0.00541011292048738,Inf,2.8165946741082,0.00485357357393269
QTL fixation,2 - 8,2X,WT,2,5,GW,negative_QTL,R,0.0335714285714174,0.00541011292048733,Inf,6.20531014136269,5.45891387625787e-10
QTL fixation,2 - 8,20X,Chr,200,5,GW,negative_QTL,R,0.0518419425066891,0.00541011292048738,Inf,9.58241413231332,9.4802623156125e-22
QTL fixation,2 - 8,2X,Chr,200,5,GW,negative_QTL,R,0.047163372313102,0.00541011292048736,Inf,8.71763177705604,2.84081088151739e-18
QTL fixation,2 - 8,20X,Peri,200,5,GW,negative_QTL,R,0.04651629185149,0.00541011292048733,Inf,8.59802605511975,8.10988896359155e-18
QTL fixation,2 - 8,2X,Peri,200,5,GW,negative_QTL,R,0.0515414822861695,0.00541011292048704,Inf,9.5268773579553,1.62085335851995e-21
QTL fixation,2 - 8,20X,WT,200,5,GW,negative_QTL,R,0.0485292739215153,0.0054101129204874,Inf,8.97010369926684,2.96235405841358e-19
QTL fixation,2 - 8,2X,WT,200,5,GW,negative_QTL,R,0.0477306023827315,0.0054101129204871,Inf,8.82247803035395,1.11954166851645e-18
QTL fixation,2 - 8,20X,Chr,2,1,CV,positive_QTL,R,-0.0326190476162339,0.00541011292048675,Inf,-6.02927297371442,1.64698898497026e-09
QTL fixation,2 - 8,2X,Chr,2,1,CV,positive_QTL,R,-0.0299999999991944,0.00541011292048726,Inf,-5.54517076447499,2.93667422834227e-08
QTL fixation,2 - 8,20X,Peri,2,1,CV,positive_QTL,R,-0.0328571428567792,0.00541011292048713,Inf,-6.07328226594958,1.25321884797833e-09
QTL fixation,2 - 8,2X,Peri,2,1,CV,positive_QTL,R,-0.0266666666665969,0.00541011292048727,Inf,-4.92904067965279,8.26343688269143e-07
QTL fixation,2 - 8,20X,WT,2,1,CV,positive_QTL,R,-0.0338095238090401,0.00541011292048738,Inf,-6.24931943305802,4.12245026502593e-10
QTL fixation,2 - 8,2X,WT,2,1,CV,positive_QTL,R,-0.0285714285713704,0.00541011292048734,Inf,-5.28111501391671,1.28400051181041e-07
QTL fixation,2 - 8,20X,Chr,200,1,CV,positive_QTL,R,-0.0543925814716421,0.00541011292048714,Inf,-10.053871752966,8.83273631045344e-24
QTL fixation,2 - 8,2X,Chr,200,1,CV,positive_QTL,R,-0.0520119302879821,0.00541011292048736,Inf,-9.61383450815231,6.98964108602019e-22
QTL fixation,2 - 8,20X,Peri,200,1,CV,positive_QTL,R,-0.0508652180877507,0.0054101129204873,Inf,-9.40187734254707,5.35980726709519e-21
QTL fixation,2 - 8,2X,Peri,200,1,CV,positive_QTL,R,-0.0484344715414439,0.00541011292048728,Inf,-8.95258051972075,3.47267416908118e-19
QTL fixation,2 - 8,20X,WT,200,1,CV,positive_QTL,R,-0.0485555387524493,0.0054101129204873,Inf,-8.97495846502143,2.83458718103702e-19
QTL fixation,2 - 8,2X,WT,200,1,CV,positive_QTL,R,-0.0476254757837868,0.00541011292048738,Inf,-8.80304653225175,1.33151320328427e-18
QTL fixation,2 - 8,20X,Chr,2,2,CV,positive_QTL,R,0.0488095238096665,0.00541011292048741,Inf,9.02190481548565,1.84846795583786e-19
QTL fixation,2 - 8,2X,Chr,2,2,CV,positive_QTL,R,0.0483333333334598,0.00541011292048733,Inf,8.93388623191732,4.11300285986279e-19
QTL fixation,2 - 8,20X,Peri,2,2,CV,positive_QTL,R,0.0466666666665556,0.00541011292048732,Inf,8.62582118939434,6.36343783655536e-18
QTL fixation,2 - 8,2X,Peri,2,2,CV,positive_QTL,R,0.0416666666666703,0.00541011292048732,Inf,7.70162606197824,1.34345547070952e-14
QTL fixation,2 - 8,20X,WT,2,2,CV,positive_QTL,R,0.044999999999898,0.00541011292048738,Inf,8.31775614691682,8.96442096674857e-17
QTL fixation,2 - 8,2X,WT,2,2,CV,positive_QTL,R,0.0354761904761943,0.00541011292048729,Inf,6.55738447562735,5.475970153887e-11
QTL fixation,2 - 8,20X,Chr,2,3,CV,positive_QTL,R,0.0357142857150605,0.00541011292048734,Inf,6.60139376755252,4.07310088306172e-11
QTL fixation,2 - 8,2X,Chr,2,3,CV,positive_QTL,R,0.0188095238095681,0.00541011292048729,Inf,3.47673405084378,0.000507561007215
QTL fixation,2 - 8,20X,Peri,2,3,CV,positive_QTL,R,0.0197619047617704,0.00541011292048728,Inf,3.65277121794169,0.000259425353621629
QTL fixation,2 - 8,20X,WT,2,3,CV,positive_QTL,R,0.0154761904760498,0.00541011292048735,Inf,2.86060396585136,0.00422834887863448
QTL fixation,2 - 8,2X,WT,2,3,CV,positive_QTL,R,0.0304761904761884,0.00541011292048738,Inf,5.63318934818886,1.76907039583722e-08
QTL fixation,2 - 8,20X,Chr,200,3,CV,positive_QTL,R,0.0166709137528536,0.00541011292048733,Inf,3.08143545206298,0.002060051360837
QTL fixation,2 - 8,2X,Chr,200,3,CV,positive_QTL,R,0.022092174235096,0.00541011292048742,Inf,4.08349595651428,4.43632015781075e-05
QTL fixation,2 - 8,20X,Peri,200,3,CV,positive_QTL,R,0.0224289685431066,0.00541011292048739,Inf,4.14574868819669,3.38705160569922e-05
QTL fixation,2 - 8,2X,Peri,200,3,CV,positive_QTL,R,0.0178610663661617,0.0054101129204872,Inf,3.30142210128829,0.000961960429564456
QTL fixation,2 - 8,20X,WT,200,3,CV,positive_QTL,R,0.0189843781155688,0.00541011292048735,Inf,3.50905395036721,0.000449703673922399
QTL fixation,2 - 8,2X,WT,200,3,CV,positive_QTL,R,0.0163071350802217,0.00541011292048735,Inf,3.01419495672057,0.00257662174581492
QTL fixation,2 - 8,20X,Chr,2,4,CV,positive_QTL,R,-0.0876190476189137,0.00541011292048735,Inf,-16.1954193760194,5.43260861575154e-59
QTL fixation,2 - 8,2X,Chr,2,4,CV,positive_QTL,R,-0.0826190476193102,0.00541011292048738,Inf,-15.2712242486553,1.18919334379649e-52
QTL fixation,2 - 8,20X,Peri,2,4,CV,positive_QTL,R,-0.0914285714285527,0.00541011292048734,Inf,-16.8995680445644,4.53214422963617e-64
QTL fixation,2 - 8,2X,Peri,2,4,CV,positive_QTL,R,-0.0859523809523697,0.00541011292048738,Inf,-15.8873543335629,7.75314273524225e-57
QTL fixation,2 - 8,20X,WT,2,4,CV,positive_QTL,R,-0.0930952380952306,0.00541011292048734,Inf,-17.2076330870455,2.32752234093545e-66
QTL fixation,2 - 8,2X,WT,2,4,CV,positive_QTL,R,-0.0745238095237897,0.00541011292048743,Inf,-13.7749083279902,3.60840834868335e-43
QTL fixation,2 - 8,20X,Chr,200,4,CV,positive_QTL,R,0.0141968175660379,0.00541011292048728,Inf,2.62412592392973,0.00868716606665719
QTL fixation,2 - 8,2X,Chr,200,4,CV,positive_QTL,R,0.0113454745797493,0.00541011292048742,Inf,2.09708646501359,0.0359859219164967
QTL fixation,2 - 8,20X,Peri,200,4,CV,positive_QTL,R,0.0130067758635876,0.00541011292048732,Inf,2.40415977535938,0.0162096868860844
QTL fixation,2 - 8,20X,WT,200,4,CV,positive_QTL,R,0.0155784479396514,0.00541011292048721,Inf,2.87950513577238,0.0039829981062604
QTL fixation,2 - 8,2X,WT,200,4,CV,positive_QTL,R,0.0132357193077103,0.00541011292048742,Inf,2.4464774584627,0.0144259817900833
QTL fixation,2 - 8,20X,Chr,2,5,CV,positive_QTL,R,-0.0273809523801565,0.00541011292048737,Inf,-5.06106855486667,4.16913263000989e-07
QTL fixation,2 - 8,2X,Chr,2,5,CV,positive_QTL,R,-0.0264285714285588,0.00541011292048736,Inf,-4.88503138788053,1.03412378443929e-06
QTL fixation,2 - 8,20X,Peri,2,5,CV,positive_QTL,R,-0.032142857142943,0.00541011292048735,Inf,-5.94125439068424,2.82849278483141e-09
QTL fixation,2 - 8,2X,Peri,2,5,CV,positive_QTL,R,-0.0261904761904801,0.00541011292048728,Inf,-4.84102209610094,1.29173006940521e-06
QTL fixation,2 - 8,20X,WT,2,5,CV,positive_QTL,R,-0.0250000000000935,0.0054101129204874,Inf,-4.62097563720375,3.81939630064649e-06
QTL fixation,2 - 8,2X,WT,2,5,CV,positive_QTL,R,-0.027380952380957,0.00541011292048743,Inf,-5.06106855501458,4.1691326267752e-07
QTL fixation,2 - 8,20X,Chr,200,5,CV,positive_QTL,R,-0.0120354117834232,0.00541011292048734,Inf,-2.22461378538825,0.0261071764050615
QTL fixation,2 - 8,20X,Peri,200,5,CV,positive_QTL,R,-0.0131394110181981,0.00541011292048739,Inf,-2.42867592808293,0.0151540709677582
QTL fixation,2 - 8,20X,Chr,2,1,GW,positive_QTL,R,-0.026190476190251,0.0054101129204873,Inf,-4.84102209605857,1.29173006968066e-06
QTL fixation,2 - 8,2X,Chr,2,1,GW,positive_QTL,R,-0.02285714285692,0.0054101129204873,Inf,-4.2248920111008,2.39055383211401e-05
QTL fixation,2 - 8,20X,Peri,2,1,GW,positive_QTL,R,-0.023571428571275,0.00541011292048729,Inf,-4.35691988646179,1.31905520276349e-05
QTL fixation,2 - 8,2X,Peri,2,1,GW,positive_QTL,R,-0.0259523809524008,0.00541011292048726,Inf,-4.79701280432118,1.61049310373719e-06
QTL fixation,2 - 8,20X,WT,2,1,GW,positive_QTL,R,-0.0180952380950144,0.00541011292048737,Inf,-3.34470617544602,0.000823697822752854
QTL fixation,2 - 8,2X,WT,2,1,GW,positive_QTL,R,-0.0180952380952642,0.00541011292048735,Inf,-3.3447061754922,0.000823697822615731
QTL fixation,2 - 8,20X,Chr,200,1,GW,positive_QTL,R,-0.0478518769348953,0.00541011292048728,Inf,-8.84489430039204,9.16149897140604e-19
QTL fixation,2 - 8,2X,Chr,200,1,GW,positive_QTL,R,-0.0506051919213289,0.00541011292048732,Inf,-9.3538143593444,8.45425617768768e-21
QTL fixation,2 - 8,20X,Peri,200,1,GW,positive_QTL,R,-0.0561726742917093,0.0054101129204872,Inf,-10.3829023751043,2.96617869556999e-25
QTL fixation,2 - 8,2X,Peri,200,1,GW,positive_QTL,R,-0.0518088462372925,0.00541011292048727,Inf,-9.57629665013097,1.00587099176068e-21
QTL fixation,2 - 8,20X,WT,200,1,GW,positive_QTL,R,-0.0476658113565429,0.00541011292048739,Inf,-8.81050212021246,1.24586532710618e-18
QTL fixation,2 - 8,2X,WT,200,1,GW,positive_QTL,R,-0.0494861354859763,0.00541011292048764,Inf,-9.1469690583678,5.85532802043128e-20
QTL fixation,2 - 8,20X,WT,2,2,GW,positive_QTL,R,0.013333333333333,0.00541011292048742,Inf,2.46452033983272,0.0137196776435451
QTL fixation,2 - 8,2X,WT,2,2,GW,positive_QTL,R,0.0176190476190501,0.00541011292048715,Inf,3.2566875919225,0.00112720419531834
QTL fixation,2 - 8,2X,Chr,200,2,GW,positive_QTL,R,-0.0112740625996187,0.00541011292048734,Inf,-2.08388674419815,0.0371704703937655
QTL fixation,2 - 8,20X,Peri,200,2,GW,positive_QTL,R,-0.0120574458149199,0.00541011292048756,Inf,-2.22868653429756,0.0258347688323572
QTL fixation,2 - 8,2X,Peri,200,2,GW,positive_QTL,R,-0.0148542676227389,0.00541011292048654,Inf,-2.7456483517174,0.00603914564330056
QTL fixation,2 - 8,20X,Chr,2,3,GW,positive_QTL,R,-0.0311904761903492,0.00541011292048735,Inf,-5.76521722351399,8.15527327921815e-09
QTL fixation,2 - 8,2X,Chr,2,3,GW,positive_QTL,R,-0.0357142857143515,0.00541011292048735,Inf,-6.60139376742146,4.07310088666307e-11
QTL fixation,2 - 8,20X,Peri,2,3,GW,positive_QTL,R,-0.038333333333341,0.00541011292048726,Inf,-7.08549597702085,1.38547194998443e-12
QTL fixation,2 - 8,2X,Peri,2,3,GW,positive_QTL,R,-0.0297619047619034,0.00541011292048717,Inf,-5.50116147284102,3.77297466867691e-08
QTL fixation,2 - 8,20X,WT,2,3,GW,positive_QTL,R,-0.0271428571428641,0.00541011292048739,Inf,-5.01705926323231,5.24683868796027e-07
QTL fixation,2 - 8,2X,WT,2,3,GW,positive_QTL,R,-0.0354761904761901,0.00541011292048727,Inf,-6.55738447562659,5.47597015391481e-11
QTL fixation,2 - 8,20X,Chr,2,4,GW,positive_QTL,R,-0.145952380952593,0.00541011292048728,Inf,-26.9776958628521,2.70041839872417e-160
QTL fixation,2 - 8,2X,Chr,2,4,GW,positive_QTL,R,-0.138333333333291,0.00541011292048734,Inf,-25.5693985257576,3.34167293123247e-144
QTL fixation,2 - 8,20X,Peri,2,4,GW,positive_QTL,R,-0.138095238095232,0.00541011292048726,Inf,-25.5253892339819,1.03037889320421e-143
QTL fixation,2 - 8,2X,Peri,2,4,GW,positive_QTL,R,-0.130714285714286,0.00541011292048759,Inf,-24.1611011887171,5.70778256340788e-129
QTL fixation,2 - 8,20X,WT,2,4,GW,positive_QTL,R,-0.125952380952379,0.00541011292048744,Inf,-23.2809153530627,6.92016384098278e-120
QTL fixation,2 - 8,2X,WT,2,4,GW,positive_QTL,R,-0.131666666666667,0.00541011292048731,Inf,-24.3371383558492,7.93290553283215e-131
QTL fixation,2 - 8,20X,Chr,2,5,GW,positive_QTL,R,-0.0842857142856561,0.00541011292048733,Inf,-15.5792892910753,1.00667756328655e-54
QTL fixation,2 - 8,2X,Chr,2,5,GW,positive_QTL,R,-0.0952380952381262,0.00541011292048741,Inf,-17.603716713097,2.30676851723839e-69
QTL fixation,2 - 8,20X,Peri,2,5,GW,positive_QTL,R,-0.0945238095238228,0.00541011292048724,Inf,-17.4716888377461,2.35421718656167e-68
QTL fixation,2 - 8,2X,Peri,2,5,GW,positive_QTL,R,-0.089761904761905,0.00541011292048721,Inf,-16.5915030020892,8.02857863075867e-62
QTL fixation,2 - 8,20X,WT,2,5,GW,positive_QTL,R,-0.0704761904762075,0.00541011292048747,Inf,-13.0267503676906,8.62013933343921e-39
QTL fixation,2 - 8,2X,WT,2,5,GW,positive_QTL,R,-0.0790476190476162,0.0054101129204876,Inf,-14.6110848718647,2.38686668993151e-48
QTL fixation,2 - 8,20X,Chr,200,5,GW,positive_QTL,R,-0.0207472251258965,0.00541011292048735,Inf,-3.83489687383965,0.000125616988486683
QTL fixation,2 - 8,2X,Chr,200,5,GW,positive_QTL,R,-0.0201007041830107,0.00541011292048748,Inf,-3.71539457279934,0.00020288684642491
QTL fixation,2 - 8,20X,Peri,200,5,GW,positive_QTL,R,-0.0270140522585517,0.00541011292048709,Inf,-4.99325109393827,5.93712872515411e-07
QTL fixation,2 - 8,2X,Peri,200,5,GW,positive_QTL,R,-0.0164522479107633,0.00541011292048774,Inf,-3.04101747090337,0.00235780149237684
QTL fixation,2 - 8,20X,WT,200,5,GW,positive_QTL,R,-0.0207589891627885,0.00541011292048779,Inf,-3.83707132695427,0.000124510317043473
QTL fixation,2 - 8,2X,WT,200,5,GW,positive_QTL,R,-0.0179709134744913,0.00541011292048634,Inf,-3.32172613374506,0.000894624561285744
