response,contrast,Map_type,Recombination,H2,Repulsion,Matrix,Allele,QTL_type,estimate,SE,df,z.ratio,p.value
QTL AF,2 - 200,Chr,20X,2,1,CV,large_neg,DV,0.0311986501074944,0.007545992829663,Inf,4.13446590948957,3.55781057995309e-05
QTL AF,2 - 200,Peri,20X,2,1,CV,large_neg,DV,0.0300074546933675,0.00754599282973994,Inf,3.97660789910951,6.99052877078364e-05
QTL AF,2 - 200,WT,20X,2,1,CV,large_neg,DV,0.0327164673888022,0.00754599282973794,Inf,4.33560806735332,1.45357739362721e-05
QTL AF,2 - 200,Chr,2X,2,1,CV,large_neg,DV,0.0346786056014444,0.00754599282972049,Inf,4.59563193127616,4.31439703124056e-06
QTL AF,2 - 200,Peri,2X,2,1,CV,large_neg,DV,0.0328550322645415,0.00754599282974189,Inf,4.35397077705218,1.33693536485284e-05
QTL AF,2 - 200,WT,2X,2,1,CV,large_neg,DV,0.0337509679175178,0.00754599282974139,Inf,4.4727007670208,7.72378255424459e-06
QTL AF,2 - 200,Chr,20X,8,1,CV,large_neg,DV,0.0517706096996663,0.00754599282971635,Inf,6.86067570801182,6.85355874427715e-12
QTL AF,2 - 200,Peri,20X,8,1,CV,large_neg,DV,0.0521509502571699,0.00754599282974217,Inf,6.91107869220595,4.80982134503794e-12
QTL AF,2 - 200,WT,20X,8,1,CV,large_neg,DV,0.0487281061002075,0.00754599282974058,Inf,6.45748110283888,1.0646004069935e-10
QTL AF,2 - 200,Chr,2X,8,1,CV,large_neg,DV,0.0496991867809338,0.00754599282974068,Inf,6.58616936197667,4.51318988140976e-11
QTL AF,2 - 200,Peri,2X,8,1,CV,large_neg,DV,0.049580365953159,0.00754599282974197,Inf,6.57042314667218,5.0172475036488e-11
QTL AF,2 - 200,WT,2X,8,1,CV,large_neg,DV,0.0488969633561139,0.0075459928297415,Inf,6.47985817895204,9.18088726658552e-11
QTL AF,2 - 200,Chr,20X,2,2,CV,large_neg,DV,-0.138976521184415,0.00754599282974431,Inf,-18.4172612299082,9.55156525031535e-76
QTL AF,2 - 200,Peri,20X,2,2,CV,large_neg,DV,-0.128387101492385,0.00754599282974198,Inf,-17.0139442733575,6.47294617686301e-65
QTL AF,2 - 200,WT,20X,2,2,CV,large_neg,DV,-0.125900778746245,0.00754599282974161,Inf,-16.6844551256426,1.70050440336314e-62
QTL AF,2 - 200,Chr,2X,2,2,CV,large_neg,DV,-0.125266488749476,0.00754599282974138,Inf,-16.6003985924499,6.92296771803633e-62
QTL AF,2 - 200,Peri,2X,2,2,CV,large_neg,DV,-0.135327611413825,0.00754599282974125,Inf,-17.9337052747326,6.43450882520176e-72
QTL AF,2 - 200,WT,2X,2,2,CV,large_neg,DV,-0.124737076493561,0.00754599282974128,Inf,-16.530240527387,2.22254989185377e-61
QTL AF,2 - 200,Chr,20X,8,2,CV,large_neg,DV,0.0360643439427682,0.0075459928297415,Inf,4.77927089999681,1.75932015183719e-06
QTL AF,2 - 200,Peri,20X,8,2,CV,large_neg,DV,0.0439981953442496,0.00754599282974145,Inf,5.83067017647261,5.52052059907017e-09
QTL AF,2 - 200,WT,20X,8,2,CV,large_neg,DV,0.0374234159710882,0.00754599282974141,Inf,4.95937603115515,7.07199600760717e-07
QTL AF,2 - 200,Chr,2X,8,2,CV,large_neg,DV,0.0374321149873413,0.00754599282974147,Inf,4.96052883058779,7.03015257655673e-07
QTL AF,2 - 200,Peri,2X,8,2,CV,large_neg,DV,0.0354182919462491,0.00754599282974142,Inf,4.69365565875614,2.68365614136156e-06
QTL AF,2 - 200,WT,2X,8,2,CV,large_neg,DV,0.031302155387638,0.00754599282974144,Inf,4.14818249816845,3.35125209543418e-05
QTL AF,2 - 200,Chr,20X,2,3,CV,large_neg,DV,-0.148553528590151,0.00754599282974024,Inf,-19.6864126354153,2.81965036060304e-86
QTL AF,2 - 200,Peri,20X,2,3,CV,large_neg,DV,-0.151534899216554,0.0075459928297417,Inf,-20.0815058582214,1.07098556426448e-89
QTL AF,2 - 200,WT,20X,2,3,CV,large_neg,DV,-0.164379811242899,0.00754599282974122,Inf,-21.7837221624468,3.31053043223501e-105
QTL AF,2 - 200,Chr,2X,2,3,CV,large_neg,DV,-0.138815818420892,0.00754599282974011,Inf,-18.3959647925709,1.4151924052834e-75
QTL AF,2 - 200,Peri,2X,2,3,CV,large_neg,DV,-0.157690424982056,0.00754599282974139,Inf,-20.8972402359757,5.67314624841368e-97
QTL AF,2 - 200,WT,2X,2,3,CV,large_neg,DV,-0.164940483783296,0.00754599282974128,Inf,-21.8580228612477,6.52079673660516e-106
QTL AF,2 - 200,Chr,20X,8,3,CV,large_neg,DV,0.0412975625067689,0.0075459928297408,Inf,5.4727805125926,4.43028693890195e-08
QTL AF,2 - 200,Peri,20X,8,3,CV,large_neg,DV,0.0474239555216498,0.00754599282974141,Inf,6.28465419881335,3.28584252967449e-10
QTL AF,2 - 200,WT,20X,8,3,CV,large_neg,DV,0.0390935667174098,0.00754599282974116,Inf,5.18070552139006,2.21048225863115e-07
QTL AF,2 - 200,Chr,2X,8,3,CV,large_neg,DV,0.0399213050832991,0.0075459928297409,Inf,5.29039796141309,1.22050499426243e-07
QTL AF,2 - 200,Peri,2X,8,3,CV,large_neg,DV,0.0362841561794165,0.00754599282974141,Inf,4.80840056412562,1.52142673905505e-06
QTL AF,2 - 200,WT,2X,8,3,CV,large_neg,DV,0.0297158029175282,0.0075459928297414,Inf,3.93795801135774,8.21779700316345e-05
QTL AF,2 - 200,Chr,20X,2,4,CV,large_neg,DV,-0.063644469782485,0.00754599282974326,Inf,-8.43420756134622,3.3345445329022e-17
QTL AF,2 - 200,Peri,20X,2,4,CV,large_neg,DV,-0.062469256973677,0.0075459928297412,Inf,-8.27846757652161,1.24770460298936e-16
QTL AF,2 - 200,WT,20X,2,4,CV,large_neg,DV,-0.0747215148275678,0.00754599282974104,Inf,-9.90214495474574,4.07441116915826e-23
QTL AF,2 - 200,Chr,2X,2,4,CV,large_neg,DV,-0.0561427420442131,0.0075459928297401,Inf,-7.44007360077848,1.00629218406593e-13
QTL AF,2 - 200,Peri,2X,2,4,CV,large_neg,DV,-0.0549750441144547,0.00754599282974132,Inf,-7.28532949273147,3.20885076897351e-13
QTL AF,2 - 200,WT,2X,2,4,CV,large_neg,DV,-0.0647183539344314,0.00754599282974139,Inf,-8.57651940502167,9.77871804950937e-18
QTL AF,2 - 200,Chr,20X,8,4,CV,large_neg,DV,0.0623440370496223,0.00754599282974034,Inf,8.26187334871449,1.43403817290645e-16
QTL AF,2 - 200,Peri,20X,8,4,CV,large_neg,DV,0.060615185604,0.00754599282974132,Inf,8.03276480267712,9.5300254540768e-16
QTL AF,2 - 200,WT,20X,8,4,CV,large_neg,DV,0.0496109571349475,0.00754599282974129,Inf,6.57447711047565,4.88244397989348e-11
QTL AF,2 - 200,Chr,2X,8,4,CV,large_neg,DV,0.0510138741201295,0.00754599282974067,Inf,6.76039260454514,1.37618308395737e-11
QTL AF,2 - 200,Peri,2X,8,4,CV,large_neg,DV,0.0478974665784414,0.00754599282974137,Inf,6.34740419970463,2.18978252726275e-10
QTL AF,2 - 200,WT,2X,8,4,CV,large_neg,DV,0.0488187936441826,0.00754599282974144,Inf,6.46949907661858,9.83283314738888e-11
QTL AF,2 - 200,Chr,20X,2,5,CV,large_neg,DV,-0.175088689358706,0.00754599282974374,Inf,-23.2028698289462,4.25938887394819e-119
QTL AF,2 - 200,Peri,20X,2,5,CV,large_neg,DV,-0.148725622632595,0.00754599282974077,Inf,-19.7092186526374,1.79720425713265e-86
QTL AF,2 - 200,WT,20X,2,5,CV,large_neg,DV,-0.161944671578975,0.00754599282974208,Inf,-21.4610158309029,3.60344479832096e-102
QTL AF,2 - 200,Chr,2X,2,5,CV,large_neg,DV,-0.16089974749625,0.00754599282974024,Inf,-21.322541794913,7.01433844539333e-101
QTL AF,2 - 200,Peri,2X,2,5,CV,large_neg,DV,-0.143850124760878,0.00754599282974105,Inf,-19.0631144246415,5.11382173470917e-81
QTL AF,2 - 200,WT,2X,2,5,CV,large_neg,DV,-0.156392229173248,0.00754599282974153,Inf,-20.7252024620072,2.05262355738051e-95
QTL AF,2 - 200,Chr,20X,8,5,CV,large_neg,DV,0.0296598997521332,0.00754599282974114,Inf,3.93054968661435,8.47518763013814e-05
QTL AF,2 - 200,Peri,20X,8,5,CV,large_neg,DV,0.0262272428229555,0.00754599282974134,Inf,3.47565170213055,0.000509613673191053
QTL AF,2 - 200,WT,20X,8,5,CV,large_neg,DV,0.0287781269371128,0.00754599282974165,Inf,3.81369656537271,0.000136903542448588
QTL AF,2 - 200,Chr,2X,8,5,CV,large_neg,DV,0.0297132910900339,0.00754599282974113,Inf,3.93762514230393,8.22920171774714e-05
QTL AF,2 - 200,Peri,2X,8,5,CV,large_neg,DV,0.0268904863097277,0.0075459928297414,Inf,3.56354517111954,0.000365879698696934
QTL AF,2 - 200,WT,2X,8,5,CV,large_neg,DV,0.0317412505513067,0.00754599282974157,Inf,4.20637168196114,2.59503315510033e-05
QTL AF,2 - 200,Chr,20X,2,1,GW,large_neg,DV,0.025417033255517,0.00754599282971391,Inf,3.36828219017545,0.00075638135250241
QTL AF,2 - 200,Peri,20X,2,1,GW,large_neg,DV,0.0260677131688916,0.00754599282974039,Inf,3.45451072603105,0.000551292286620704
QTL AF,2 - 200,WT,20X,2,1,GW,large_neg,DV,0.0315321509987723,0.00754599282973962,Inf,4.17866166987338,2.93229518139813e-05
QTL AF,2 - 200,Chr,2X,2,1,GW,large_neg,DV,0.0328717639988776,0.00754599282973957,Inf,4.35618807764121,1.32347068582183e-05
QTL AF,2 - 200,Peri,2X,2,1,GW,large_neg,DV,0.030782172494989,0.00754599282974105,Inf,4.07927401861119,4.51765612131475e-05
QTL AF,2 - 200,WT,2X,2,1,GW,large_neg,DV,0.0341426619973983,0.0075459928297412,Inf,4.52460832759223,6.05074552813782e-06
QTL AF,2 - 200,Chr,20X,8,1,GW,large_neg,DV,0.041373799517867,0.00754599282973871,Inf,5.48288349212487,4.18448614888208e-08
QTL AF,2 - 200,Peri,20X,8,1,GW,large_neg,DV,0.0423468370166928,0.00754599282974117,Inf,5.61183107009994,2.00196826915419e-08
QTL AF,2 - 200,WT,20X,8,1,GW,large_neg,DV,0.0432939468230753,0.00754599282974086,Inf,5.73734269299089,9.61735351845848e-09
QTL AF,2 - 200,Chr,2X,8,1,GW,large_neg,DV,0.0424881925049187,0.00754599282974151,Inf,5.63056359362776,1.79621695300692e-08
QTL AF,2 - 200,Peri,2X,8,1,GW,large_neg,DV,0.0426645235587311,0.00754599282974159,Inf,5.65393110242222,1.56819092121874e-08
QTL AF,2 - 200,WT,2X,8,1,GW,large_neg,DV,0.0432747338088399,0.00754599282974141,Inf,5.73479657153648,9.76294532952562e-09
QTL AF,2 - 200,Chr,20X,2,2,GW,large_neg,DV,-0.104023829457639,0.00754599282974178,Inf,-13.7853072226148,3.12433668990686e-43
QTL AF,2 - 200,Peri,20X,2,2,GW,large_neg,DV,-0.0988596586035021,0.00754599282974155,Inf,-13.1009478585587,3.2517115674386e-39
QTL AF,2 - 200,WT,20X,2,2,GW,large_neg,DV,-0.106656831876624,0.00754599282974147,Inf,-14.134234458354,2.3366112458233e-45
QTL AF,2 - 200,Chr,2X,2,2,GW,large_neg,DV,-0.102392364869876,0.00754599282974153,Inf,-13.5691044479012,6.10635441984392e-42
QTL AF,2 - 200,Peri,2X,2,2,GW,large_neg,DV,-0.105034694932692,0.00754599282974155,Inf,-13.9192677892181,4.8383529367362e-44
QTL AF,2 - 200,WT,2X,2,2,GW,large_neg,DV,-0.111001421989499,0.00754599282974148,Inf,-14.7099824362412,5.56218501107973e-49
QTL AF,2 - 200,Chr,20X,8,2,GW,large_neg,DV,0.023001719483826,0.00754599282974142,Inf,3.04820319907648,0.00230214200575129
QTL AF,2 - 200,Peri,20X,8,2,GW,large_neg,DV,0.0313862439158854,0.00754599282974154,Inf,4.15932596598563,3.191881133698e-05
QTL AF,2 - 200,WT,20X,8,2,GW,large_neg,DV,0.028775906493431,0.00754599282974149,Inf,3.81340231069592,0.000137066718543898
QTL AF,2 - 200,Chr,2X,8,2,GW,large_neg,DV,0.0362829091517225,0.00754599282974161,Inf,4.80823530718421,1.52268471589728e-06
QTL AF,2 - 200,Peri,2X,8,2,GW,large_neg,DV,0.0211693688147852,0.0075459928297418,Inf,2.80537886695945,0.00502574677001122
QTL AF,2 - 200,WT,2X,8,2,GW,large_neg,DV,0.0270040987071069,0.00754599282974172,Inf,3.57860116175478,0.000345438158640065
QTL AF,2 - 200,Chr,20X,2,3,GW,large_neg,DV,-0.103896629271586,0.00754599282974081,Inf,-13.7684505691685,3.9458526112757e-43
QTL AF,2 - 200,Peri,20X,2,3,GW,large_neg,DV,-0.125843681635313,0.00754599282974143,Inf,-16.6768885784411,1.93013589829291e-62
QTL AF,2 - 200,WT,20X,2,3,GW,large_neg,DV,-0.125189075070328,0.00754599282974128,Inf,-16.5901396800851,8.2129134249137e-62
QTL AF,2 - 200,Chr,2X,2,3,GW,large_neg,DV,-0.113578900042237,0.00754599282974119,Inf,-15.0515515459525,3.3723133746429e-51
QTL AF,2 - 200,Peri,2X,2,3,GW,large_neg,DV,-0.128310299392834,0.00754599282974139,Inf,-17.0037664079296,7.70091786100655e-65
QTL AF,2 - 200,WT,2X,2,3,GW,large_neg,DV,-0.131912251486323,0.0075459928297415,Inf,-17.4810995004406,1.9961270095831e-68
QTL AF,2 - 200,Chr,20X,8,3,GW,large_neg,DV,0.0236714431113408,0.00754599282974118,Inf,3.13695542063651,0.00170712081450873
QTL AF,2 - 200,Peri,20X,8,3,GW,large_neg,DV,0.0374424349293702,0.00754599282974135,Inf,4.96189643618487,6.98082159991844e-07
QTL AF,2 - 200,WT,20X,8,3,GW,large_neg,DV,0.0325818118594598,0.0075459928297414,Inf,4.31776342684073,1.57618237370919e-05
QTL AF,2 - 200,Chr,2X,8,3,GW,large_neg,DV,0.031641756542966,0.00754599282974136,Inf,4.19318666965265,2.75062914159619e-05
QTL AF,2 - 200,Peri,2X,8,3,GW,large_neg,DV,0.0328974559279567,0.00754599282974128,Inf,4.35959278920818,1.30304693428563e-05
QTL AF,2 - 200,WT,2X,8,3,GW,large_neg,DV,0.0389307957977173,0.0075459928297417,Inf,5.15913501060799,2.48093365129416e-07
QTL AF,2 - 200,Chr,20X,2,4,GW,large_neg,DV,-0.0647826945352963,0.00754599282974094,Inf,-8.58504586433861,9.08001963403042e-18
QTL AF,2 - 200,Peri,20X,2,4,GW,large_neg,DV,-0.0634496485403932,0.00754599282974138,Inf,-8.40838972047735,4.15677985614279e-17
QTL AF,2 - 200,WT,20X,2,4,GW,large_neg,DV,-0.0717323554750855,0.00754599282974135,Inf,-9.50601956476338,1.98097812129029e-21
QTL AF,2 - 200,Chr,2X,2,4,GW,large_neg,DV,-0.0571581072239023,0.00754599282974125,Inf,-7.5746304712381,3.6015128420979e-14
QTL AF,2 - 200,Peri,2X,2,4,GW,large_neg,DV,-0.0580551634140835,0.00754599282974142,Inf,-7.6935089555436,1.4315368215796e-14
QTL AF,2 - 200,WT,2X,2,4,GW,large_neg,DV,-0.0624087921438311,0.00754599282974142,Inf,-8.27045473696396,1.33449032367952e-16
QTL AF,2 - 200,Chr,20X,8,4,GW,large_neg,DV,0.0467408200353899,0.00754599282974127,Inf,6.19412462879223,5.86098392487186e-10
QTL AF,2 - 200,Peri,20X,8,4,GW,large_neg,DV,0.0503252274911101,0.00754599282974151,Inf,6.6691326942109,2.57319522418345e-11
QTL AF,2 - 200,WT,20X,8,4,GW,large_neg,DV,0.0435052542249063,0.00754599282974143,Inf,5.76534529073983,8.1490826262518e-09
QTL AF,2 - 200,Chr,2X,8,4,GW,large_neg,DV,0.0417742099982166,0.00754599282974133,Inf,5.53594615589485,3.09552662008374e-08
QTL AF,2 - 200,Peri,2X,8,4,GW,large_neg,DV,0.0420657825040209,0.00754599282974142,Inf,5.5745855387279,2.48119868319109e-08
QTL AF,2 - 200,WT,2X,8,4,GW,large_neg,DV,0.0422826565609164,0.00754599282974146,Inf,5.60332583331716,2.10277399661228e-08
QTL AF,2 - 200,Chr,20X,2,5,GW,large_neg,DV,-0.132925972449376,0.00754599282974192,Inf,-17.6154384782157,1.87530418975815e-69
QTL AF,2 - 200,Peri,20X,2,5,GW,large_neg,DV,-0.135276736306014,0.0075459928297414,Inf,-17.9269632715315,7.2640359330691e-72
QTL AF,2 - 200,WT,20X,2,5,GW,large_neg,DV,-0.137113351034388,0.00754599282974156,Inf,-18.1703526796332,8.86268499642503e-74
QTL AF,2 - 200,Chr,2X,2,5,GW,large_neg,DV,-0.137521962492958,0.0075459928297414,Inf,-18.2245021425061,3.29864205146761e-74
QTL AF,2 - 200,Peri,2X,2,5,GW,large_neg,DV,-0.133744002788344,0.0075459928297415,Inf,-17.7238444040406,2.74495765928307e-70
QTL AF,2 - 200,WT,2X,2,5,GW,large_neg,DV,-0.143398550449895,0.00754599282974159,Inf,-19.0032714959266,1.60238148144306e-80
QTL AF,2 - 200,Chr,20X,8,5,GW,large_neg,DV,0.0183087248924507,0.0075459928297415,Inf,2.42628442744994,0.0152543098474602
QTL AF,2 - 200,Peri,20X,8,5,GW,large_neg,DV,0.0238274483860323,0.00754599282974145,Inf,3.15762934363254,0.00159057656893972
QTL AF,2 - 200,Chr,2X,8,5,GW,large_neg,DV,0.0231073608319469,0.00754599282974143,Inf,3.0622028609506,0.00219714494207723
QTL AF,2 - 200,Peri,2X,8,5,GW,large_neg,DV,0.022265754801449,0.00754599282974163,Inf,2.95067266876946,0.00317082756735844
QTL AF,2 - 200,WT,2X,8,5,GW,large_neg,DV,0.0273195808935173,0.00754599282974158,Inf,3.6204090714002,0.000294137608353054
QTL AF,2 - 200,Chr,20X,8,1,CV,med_neg,DV,0.0404333337953097,0.00754599282974154,Inf,5.3582523476496,8.40308190684801e-08
QTL AF,2 - 200,Peri,20X,8,1,CV,med_neg,DV,0.0413427929578124,0.00754599282974113,Inf,5.47877448211552,4.28281807464254e-08
QTL AF,2 - 200,WT,20X,8,1,CV,med_neg,DV,0.0381954768211783,0.00754599282974142,Inf,5.06169004966934,4.15556215139674e-07
QTL AF,2 - 200,Chr,2X,8,1,CV,med_neg,DV,0.0393842099282332,0.00754599282974138,Inf,5.21922175343268,1.79676529308477e-07
QTL AF,2 - 200,Peri,2X,8,1,CV,med_neg,DV,0.0396987083083956,0.00754599282974132,Inf,5.26089928841829,1.43352540949319e-07
QTL AF,2 - 200,WT,2X,8,1,CV,med_neg,DV,0.0389311880637811,0.00754599282974152,Inf,5.15918699396838,2.48024498497787e-07
QTL AF,2 - 200,Chr,20X,2,2,CV,med_neg,DV,-0.17210594421708,0.00754599282974198,Inf,-22.8075944544683,3.85474607509943e-115
QTL AF,2 - 200,Peri,20X,2,2,CV,med_neg,DV,-0.184054108590272,0.00754599282974134,Inf,-24.3909731619214,2.13226102653078e-131
QTL AF,2 - 200,WT,20X,2,2,CV,med_neg,DV,-0.163878427699144,0.00754599282974148,Inf,-21.7172784810026,1.40881465908741e-104
QTL AF,2 - 200,Chr,2X,2,2,CV,med_neg,DV,-0.180475056323205,0.00754599282974156,Inf,-23.9166747696719,2.05432594540503e-126
QTL AF,2 - 200,Peri,2X,2,2,CV,med_neg,DV,-0.166894171100271,0.00754599282974136,Inf,-22.1169268068322,2.17232013731839e-108
QTL AF,2 - 200,WT,2X,2,2,CV,med_neg,DV,-0.17713364170263,0.00754599282974154,Inf,-23.473868276747,7.54322337872964e-122
QTL AF,2 - 200,Chr,20X,8,2,CV,med_neg,DV,-0.110928352011131,0.00754599282974157,Inf,-14.7002991539988,6.4175574745821e-49
QTL AF,2 - 200,Peri,20X,8,2,CV,med_neg,DV,-0.108359470942148,0.00754599282974139,Inf,-14.3598693223064,9.24012108069369e-47
QTL AF,2 - 200,WT,20X,8,2,CV,med_neg,DV,-0.111989058365485,0.00754599282974153,Inf,-14.8408646671509,7.97217144825112e-50
QTL AF,2 - 200,Chr,2X,8,2,CV,med_neg,DV,-0.11582066872952,0.00754599282974136,Inf,-15.3486322267668,3.61732894476685e-53
QTL AF,2 - 200,Peri,2X,8,2,CV,med_neg,DV,-0.111020947481518,0.00754599282974125,Inf,-14.7125699674598,5.35350150484498e-49
QTL AF,2 - 200,WT,2X,8,2,CV,med_neg,DV,-0.111107310718694,0.00754599282974149,Inf,-14.7240148812201,4.52008440378619e-49
QTL AF,2 - 200,Chr,20X,2,3,CV,med_neg,DV,-0.222928409769239,0.0075459928297411,Inf,-29.5426214679941,8.16885185559228e-192
QTL AF,2 - 200,Peri,20X,2,3,CV,med_neg,DV,-0.217637989332073,0.00754599282974135,Inf,-28.8415314250348,6.47079005529351e-183
QTL AF,2 - 200,WT,20X,2,3,CV,med_neg,DV,-0.213469399672947,0.0075459928297413,Inf,-28.2891071446015,4.70521269410095e-176
QTL AF,2 - 200,Chr,2X,2,3,CV,med_neg,DV,-0.216522016843789,0.00754599282974136,Inf,-28.6936420069737,4.57990465771537e-181
QTL AF,2 - 200,Peri,2X,2,3,CV,med_neg,DV,-0.21997457479232,0.0075459928297413,Inf,-29.1511772878085,8.07185877831265e-187
QTL AF,2 - 200,WT,2X,2,3,CV,med_neg,DV,-0.225142109770231,0.00754599282974142,Inf,-29.8359824677896,1.3344797535387e-195
QTL AF,2 - 200,Chr,20X,8,3,CV,med_neg,DV,-0.164554532686317,0.00754599282974165,Inf,-21.8068763645977,1.99650417906568e-105
QTL AF,2 - 200,Peri,20X,8,3,CV,med_neg,DV,-0.168751874723088,0.00754599282974157,Inf,-22.3631109292835,9.00145577840927e-111
QTL AF,2 - 200,WT,20X,8,3,CV,med_neg,DV,-0.176086393242137,0.00754599282974136,Inf,-23.3350862126611,1.95327871672577e-120
QTL AF,2 - 200,Chr,2X,8,3,CV,med_neg,DV,-0.169267383387082,0.00754599282974154,Inf,-22.4314264810771,1.9430645912783e-111
QTL AF,2 - 200,Peri,2X,8,3,CV,med_neg,DV,-0.170352974422615,0.00754599282974144,Inf,-22.5752897287675,7.58113126294643e-113
QTL AF,2 - 200,WT,2X,8,3,CV,med_neg,DV,-0.162741374602616,0.00754599282974142,Inf,-21.5665954466846,3.69939568644361e-103
QTL AF,2 - 200,Chr,20X,2,4,CV,med_neg,DV,-0.19430156476242,0.00754599282974214,Inf,-25.7489728848655,3.30994821731034e-146
QTL AF,2 - 200,Peri,20X,2,4,CV,med_neg,DV,-0.195774410856746,0.00754599282974138,Inf,-25.9441554310959,2.11652447942079e-148
QTL AF,2 - 200,WT,20X,2,4,CV,med_neg,DV,-0.202728947075025,0.00754599282974144,Inf,-26.8657752066763,5.51827774815478e-159
QTL AF,2 - 200,Chr,2X,2,4,CV,med_neg,DV,-0.187503080443221,0.00754599282974166,Inf,-24.8480332109778,2.71559841639781e-136
QTL AF,2 - 200,Peri,2X,2,4,CV,med_neg,DV,-0.195533019844098,0.00754599282974144,Inf,-25.912166133187,4.85703966388603e-148
QTL AF,2 - 200,WT,2X,2,4,CV,med_neg,DV,-0.180142381221374,0.00754599282974144,Inf,-23.8725884434145,5.9015376514363e-126
QTL AF,2 - 200,Chr,20X,8,4,CV,med_neg,DV,-0.0951478727379958,0.00754599282974162,Inf,-12.6090595213637,1.88225705920837e-36
QTL AF,2 - 200,Peri,20X,8,4,CV,med_neg,DV,-0.0907060047446011,0.00754599282974134,Inf,-12.0204202139045,2.77556338054885e-33
QTL AF,2 - 200,WT,20X,8,4,CV,med_neg,DV,-0.0990122729742417,0.00754599282974152,Inf,-13.1211724167028,2.49051865725996e-39
QTL AF,2 - 200,Chr,2X,8,4,CV,med_neg,DV,-0.0980763639808752,0.00754599282974154,Inf,-12.9971451330195,1.26996208056404e-38
QTL AF,2 - 200,Peri,2X,8,4,CV,med_neg,DV,-0.0961198838099311,0.00754599282974118,Inf,-12.7378710765655,3.6419773821956e-37
QTL AF,2 - 200,WT,2X,8,4,CV,med_neg,DV,-0.0899151801687856,0.00754599282974163,Inf,-11.9156196139487,9.81339191695308e-33
QTL AF,2 - 200,Chr,20X,2,5,CV,med_neg,DV,-0.245045154770877,0.00754599282974236,Inf,-32.4735472587566,2.52024839795448e-231
QTL AF,2 - 200,Peri,20X,2,5,CV,med_neg,DV,-0.239054961997219,0.00754599282974127,Inf,-31.6797229192988,2.95599770131701e-220
QTL AF,2 - 200,WT,20X,2,5,CV,med_neg,DV,-0.226784986242888,0.0075459928297414,Inf,-30.0536975530972,1.95345374495899e-198
QTL AF,2 - 200,Chr,2X,2,5,CV,med_neg,DV,-0.232745447479864,0.00754599282974158,Inf,-30.8435818494986,6.82945809929144e-209
QTL AF,2 - 200,Peri,2X,2,5,CV,med_neg,DV,-0.232931440365215,0.00754599282974137,Inf,-30.8682297506502,3.18966174687779e-209
QTL AF,2 - 200,WT,2X,2,5,CV,med_neg,DV,-0.263364227827755,0.00754599282974153,Inf,-34.9012030318582,7.12850378971122e-267
QTL AF,2 - 200,Chr,20X,8,5,CV,med_neg,DV,-0.200497550504829,0.00754599282974161,Inf,-26.5700690457314,1.50593902925815e-155
QTL AF,2 - 200,Peri,20X,8,5,CV,med_neg,DV,-0.178886983557248,0.0075459928297413,Inf,-23.7062223081096,3.11043628102122e-124
QTL AF,2 - 200,WT,20X,8,5,CV,med_neg,DV,-0.18366263791599,0.00754599282974135,Inf,-24.3390952072088,7.56334199751098e-131
QTL AF,2 - 200,Chr,2X,8,5,CV,med_neg,DV,-0.201222874263999,0.00754599282974139,Inf,-26.6661894338025,1.16166678220135e-156
QTL AF,2 - 200,Peri,2X,8,5,CV,med_neg,DV,-0.196220017199919,0.00754599282974122,Inf,-26.0032074807376,4.55531402387988e-149
QTL AF,2 - 200,WT,2X,8,5,CV,med_neg,DV,-0.18579891347542,0.00754599282974145,Inf,-24.6221958683979,7.30862662602121e-134
QTL AF,2 - 200,Chr,20X,2,1,GW,med_neg,DV,-0.01501490334988,0.00754599282974126,Inf,-1.98978500094796,0.0466146243910985
QTL AF,2 - 200,Chr,20X,8,1,GW,med_neg,DV,0.0312621614975347,0.00754599282974111,Inf,4.14288248119197,3.42967713575592e-05
QTL AF,2 - 200,Peri,20X,8,1,GW,med_neg,DV,0.0321822112407377,0.00754599282974134,Inf,4.26480808647162,2.00074097985644e-05
QTL AF,2 - 200,WT,20X,8,1,GW,med_neg,DV,0.0339629177830936,0.00754599282974146,Inf,4.50078850449388,6.77018441557863e-06
QTL AF,2 - 200,Chr,2X,8,1,GW,med_neg,DV,0.0344596557698272,0.00754599282974134,Inf,4.56661655362432,4.95659490959026e-06
QTL AF,2 - 200,Peri,2X,8,1,GW,med_neg,DV,0.0343290035225153,0.00754599282974141,Inf,4.54930243071695,5.38240410588067e-06
QTL AF,2 - 200,WT,2X,8,1,GW,med_neg,DV,0.0349864085347513,0.00754599282974148,Inf,4.63642218116842,3.5449156582937e-06
QTL AF,2 - 200,Chr,20X,2,2,GW,med_neg,DV,-0.115827832023038,0.00754599282974168,Inf,-15.3495815111984,3.5647855319533e-53
QTL AF,2 - 200,Peri,20X,2,2,GW,med_neg,DV,-0.123029690142139,0.00754599282974161,Inf,-16.3039765499421,9.24749135883232e-60
QTL AF,2 - 200,WT,20X,2,2,GW,med_neg,DV,-0.125131562763664,0.00754599282974153,Inf,-16.5825181108674,9.32387024538508e-62
QTL AF,2 - 200,Chr,2X,2,2,GW,med_neg,DV,-0.119285967700935,0.00754599282974153,Inf,-15.8078559564469,2.74656031874786e-56
QTL AF,2 - 200,Peri,2X,2,2,GW,med_neg,DV,-0.124660838232081,0.00754599282974157,Inf,-16.5201373821541,2.62798791334151e-61
QTL AF,2 - 200,WT,2X,2,2,GW,med_neg,DV,-0.123828860145834,0.00754599282974178,Inf,-16.4098830915628,1.62518104130978e-60
QTL AF,2 - 200,Chr,20X,8,2,GW,med_neg,DV,-0.106579728010006,0.00754599282974158,Inf,-14.1240166025517,2.70144595418964e-45
QTL AF,2 - 200,Peri,20X,8,2,GW,med_neg,DV,-0.107914851970917,0.00754599282974159,Inf,-14.300948119853,2.15848661396906e-46
QTL AF,2 - 200,WT,20X,8,2,GW,med_neg,DV,-0.109366526102553,0.00754599282974155,Inf,-14.4933249434719,1.33519935702305e-47
QTL AF,2 - 200,Chr,2X,8,2,GW,med_neg,DV,-0.104718273500455,0.0075459928297415,Inf,-13.8773354100897,8.69153741553747e-44
QTL AF,2 - 200,Peri,2X,8,2,GW,med_neg,DV,-0.10514340152678,0.00754599282974163,Inf,-13.9336736595309,3.95478962524991e-44
QTL AF,2 - 200,WT,2X,8,2,GW,med_neg,DV,-0.107399383874159,0.00754599282974109,Inf,-14.2326379440576,5.7472219863789e-46
QTL AF,2 - 200,Chr,20X,2,3,GW,med_neg,DV,-0.144556245668275,0.0075459928297414,Inf,-19.1566900379932,8.51169438984163e-82
QTL AF,2 - 200,Peri,20X,2,3,GW,med_neg,DV,-0.144098445620895,0.00754599282974134,Inf,-19.0960220705424,2.72472616089285e-81
QTL AF,2 - 200,WT,20X,2,3,GW,med_neg,DV,-0.168634723975906,0.0075459928297413,Inf,-22.3475860341743,1.27450436917965e-110
QTL AF,2 - 200,Chr,2X,2,3,GW,med_neg,DV,-0.155422778597513,0.00754599282974127,Inf,-20.5967302254702,2.93610407097816e-94
QTL AF,2 - 200,Peri,2X,2,3,GW,med_neg,DV,-0.161130345537008,0.0075459928297412,Inf,-21.3531008009895,3.64905366212849e-101
QTL AF,2 - 200,WT,2X,2,3,GW,med_neg,DV,-0.148645751889374,0.0075459928297413,Inf,-19.6986341285021,2.21515725753777e-86
QTL AF,2 - 200,Chr,20X,8,3,GW,med_neg,DV,-0.151612215620775,0.00754599282974138,Inf,-20.0917518796491,8.71328421100991e-90
QTL AF,2 - 200,Peri,20X,8,3,GW,med_neg,DV,-0.144446494475231,0.00754599282974116,Inf,-19.1421457367308,1.12538620250248e-81
QTL AF,2 - 200,WT,20X,8,3,GW,med_neg,DV,-0.150879262909275,0.00754599282974099,Inf,-19.9946204977316,6.13437589371835e-89
QTL AF,2 - 200,Chr,2X,8,3,GW,med_neg,DV,-0.144373536814723,0.00754599282974148,Inf,-19.1324773389255,1.35480278639614e-81
QTL AF,2 - 200,Peri,2X,8,3,GW,med_neg,DV,-0.154416505019575,0.0075459928297414,Inf,-20.4633781801337,4.5662312697485e-93
QTL AF,2 - 200,WT,2X,8,3,GW,med_neg,DV,-0.159644300110381,0.00754599282974119,Inf,-21.1561690704464,2.42113046223232e-99
QTL AF,2 - 200,Chr,20X,2,4,GW,med_neg,DV,-0.146104662931461,0.0075459928297416,Inf,-19.3618873258941,1.61845898158553e-83
QTL AF,2 - 200,Peri,20X,2,4,GW,med_neg,DV,-0.139509554950775,0.00754599282974144,Inf,-18.4878992199567,2.58427741480464e-76
QTL AF,2 - 200,WT,20X,2,4,GW,med_neg,DV,-0.150828707151027,0.00754599282974149,Inf,-19.9879208149465,7.01588588479464e-89
QTL AF,2 - 200,Chr,2X,2,4,GW,med_neg,DV,-0.155237761119679,0.0075459928297415,Inf,-20.5722115859732,4.86940787901274e-94
QTL AF,2 - 200,Peri,2X,2,4,GW,med_neg,DV,-0.146360253132351,0.00754599282974143,Inf,-19.3957583096943,8.3807809420987e-84
QTL AF,2 - 200,WT,2X,2,4,GW,med_neg,DV,-0.155368591341624,0.00754599282974146,Inf,-20.5895492941977,3.40521662581104e-94
QTL AF,2 - 200,Chr,20X,8,4,GW,med_neg,DV,-0.093348821764777,0.00754599282974152,Inf,-12.3706480871351,3.76769043630367e-35
QTL AF,2 - 200,Peri,20X,8,4,GW,med_neg,DV,-0.0909239784414098,0.00754599282974139,Inf,-12.049306233508,1.95589191004933e-33
QTL AF,2 - 200,WT,20X,8,4,GW,med_neg,DV,-0.0915345917091731,0.00754599282974154,Inf,-12.1302251107901,7.30483563200918e-34
QTL AF,2 - 200,Chr,2X,8,4,GW,med_neg,DV,-0.0895858847002323,0.00754599282974146,Inf,-11.871981158946,1.65501295775547e-32
QTL AF,2 - 200,Peri,2X,8,4,GW,med_neg,DV,-0.0846978030926244,0.00754599282974191,Inf,-11.2242093258815,3.10148162613498e-29
QTL AF,2 - 200,WT,2X,8,4,GW,med_neg,DV,-0.0959033466997603,0.00754599282974148,Inf,-12.7091754343803,5.25859944060054e-37
QTL AF,2 - 200,Chr,20X,2,5,GW,med_neg,DV,-0.158386341480585,0.00754599282974145,Inf,-20.9894635542626,8.18644652822284e-98
QTL AF,2 - 200,Peri,20X,2,5,GW,med_neg,DV,-0.160765059854057,0.00754599282974159,Inf,-21.3046928987822,1.02698738401213e-100
QTL AF,2 - 200,WT,20X,2,5,GW,med_neg,DV,-0.15969075978379,0.00754599282974146,Inf,-21.1623259373361,2.12478410983638e-99
QTL AF,2 - 200,Chr,2X,2,5,GW,med_neg,DV,-0.173453427809072,0.00754599282974141,Inf,-22.9861638783211,6.41105202428076e-117
QTL AF,2 - 200,Peri,2X,2,5,GW,med_neg,DV,-0.159522056436457,0.00754599282974153,Inf,-21.1399692572887,3.41300100394042e-99
QTL AF,2 - 200,WT,2X,2,5,GW,med_neg,DV,-0.158795406087459,0.00754599282974139,Inf,-21.0436730686505,2.613300912419e-98
QTL AF,2 - 200,Chr,20X,8,5,GW,med_neg,DV,-0.167506144401571,0.00754599282974136,Inf,-22.1980259166655,3.58867804001456e-109
QTL AF,2 - 200,Peri,20X,8,5,GW,med_neg,DV,-0.17148927684416,0.00754599282974154,Inf,-22.7258732831361,2.486360479175e-114
QTL AF,2 - 200,WT,20X,8,5,GW,med_neg,DV,-0.177883064014999,0.00754599282974125,Inf,-23.5731822211522,7.26315150949212e-123
QTL AF,2 - 200,Chr,2X,8,5,GW,med_neg,DV,-0.172897067497395,0.00754599282974126,Inf,-22.9124346389451,3.4926937386207e-116
QTL AF,2 - 200,Peri,2X,8,5,GW,med_neg,DV,-0.177757561380865,0.00754599282974163,Inf,-23.5565505284148,1.07557522867021e-122
QTL AF,2 - 200,WT,2X,8,5,GW,med_neg,DV,-0.170014887316282,0.00754599282974097,Inf,-22.5304862000669,2.08653577106053e-112
QTL AF,2 - 200,WT,20X,2,1,CV,small_neg,DV,0.0193191688813988,0.00754599282974005,Inf,2.56018913843366,0.0104615210015918
QTL AF,2 - 200,Peri,2X,8,1,CV,small_neg,DV,-0.0152335500471094,0.00754599282974152,Inf,-2.01876020701589,0.0435121488658025
QTL AF,2 - 200,WT,2X,8,1,CV,small_neg,DV,-0.0156511874709826,0.00754599282974148,Inf,-2.07410579682712,0.0380694863383111
QTL AF,2 - 200,Chr,20X,2,2,CV,small_neg,DV,-0.0547045439333172,0.00754599282974194,Inf,-7.24948262840955,4.18366612788495e-13
QTL AF,2 - 200,Peri,20X,2,2,CV,small_neg,DV,-0.0637460488358604,0.0075459928297414,Inf,-8.44766888521479,2.97176793859007e-17
QTL AF,2 - 200,WT,20X,2,2,CV,small_neg,DV,-0.0836935999641304,0.00754599282974147,Inf,-11.0911316578865,1.38524139955758e-28
QTL AF,2 - 200,Chr,2X,2,2,CV,small_neg,DV,-0.0604017969512072,0.00754599282974141,Inf,-8.0044863961628,1.19966316440197e-15
QTL AF,2 - 200,Peri,2X,2,2,CV,small_neg,DV,-0.0866261438280702,0.00754599282974136,Inf,-11.4797543255868,1.66753662437642e-30
QTL AF,2 - 200,WT,2X,2,2,CV,small_neg,DV,-0.0662445737478476,0.0075459928297413,Inf,-8.77877507208268,1.65264664779199e-18
QTL AF,2 - 200,Chr,20X,8,2,CV,small_neg,DV,-0.18781859075675,0.00754599282974161,Inf,-24.8898448480479,9.58414809822468e-137
QTL AF,2 - 200,Peri,20X,8,2,CV,small_neg,DV,-0.179856928018293,0.00754599282974148,Inf,-23.8347599946573,1.45725665443635e-125
QTL AF,2 - 200,WT,20X,8,2,CV,small_neg,DV,-0.18025273574676,0.00754599282974147,Inf,-23.8872126986815,4.15942521328446e-126
QTL AF,2 - 200,Chr,2X,8,2,CV,small_neg,DV,-0.185063689562738,0.00754599282974147,Inf,-24.5247635053847,8.04197259284271e-133
QTL AF,2 - 200,Peri,2X,8,2,CV,small_neg,DV,-0.184420659884713,0.00754599282974167,Inf,-24.4395487838048,6.49997674206201e-132
QTL AF,2 - 200,WT,2X,8,2,CV,small_neg,DV,-0.187588868666727,0.0075459928297415,Inf,-24.8594019235442,2.04623519240064e-136
QTL AF,2 - 200,Chr,20X,2,3,CV,small_neg,DV,-0.0917978515657038,0.00754599282974143,Inf,-12.1651124824683,4.76788129781018e-34
QTL AF,2 - 200,Peri,20X,2,3,CV,small_neg,DV,-0.0940260378695864,0.00754599282974143,Inf,-12.4603932167808,1.22763809819214e-35
QTL AF,2 - 200,WT,20X,2,3,CV,small_neg,DV,-0.0856839622858456,0.00754599282974161,Inf,-11.3548957995471,7.01234475598943e-30
QTL AF,2 - 200,Chr,2X,2,3,CV,small_neg,DV,-0.090000314191388,0.00754599282974153,Inf,-11.926901631375,8.57043594109444e-33
QTL AF,2 - 200,Peri,2X,2,3,CV,small_neg,DV,-0.109609202544659,0.00754599282974146,Inf,-14.5254845873495,8.35493613813368e-48
QTL AF,2 - 200,WT,2X,2,3,CV,small_neg,DV,-0.11596682051216,0.00754599282974147,Inf,-15.3680003584277,2.68323562560099e-53
QTL AF,2 - 200,Chr,20X,8,3,CV,small_neg,DV,-0.234139492849532,0.00754599282974152,Inf,-31.0283216711661,2.23748846130049e-211
QTL AF,2 - 200,Peri,20X,8,3,CV,small_neg,DV,-0.215782719101215,0.00754599282974141,Inf,-28.5956697773074,7.60560801916709e-180
QTL AF,2 - 200,WT,20X,8,3,CV,small_neg,DV,-0.222242554484016,0.0075459928297414,Inf,-29.4517314684,1.19629682993888e-190
QTL AF,2 - 200,Chr,2X,8,3,CV,small_neg,DV,-0.230112526429936,0.00754599282974151,Inf,-30.494665396842,3.06679959898906e-204
QTL AF,2 - 200,Peri,2X,8,3,CV,small_neg,DV,-0.235998515400391,0.00754599282974157,Inf,-31.2746805788409,1.03124547055352e-214
QTL AF,2 - 200,WT,2X,8,3,CV,small_neg,DV,-0.228762506231801,0.00754599282974154,Inf,-30.3157598202537,7.10641464668065e-202
QTL AF,2 - 200,Chr,20X,2,4,CV,small_neg,DV,-0.103685549055804,0.00754599282974232,Inf,-13.7404780782629,5.80909291841849e-43
QTL AF,2 - 200,Peri,20X,2,4,CV,small_neg,DV,-0.112991855602244,0.00754599282974153,Inf,-14.9737560254367,1.08988055076998e-50
QTL AF,2 - 200,WT,20X,2,4,CV,small_neg,DV,-0.116526749933536,0.00754599282974136,Inf,-15.4422025786009,8.51422909997508e-54
QTL AF,2 - 200,Chr,2X,2,4,CV,small_neg,DV,-0.109788002052572,0.00754599282974151,Inf,-14.5491792173267,5.91079874749389e-48
QTL AF,2 - 200,Peri,2X,2,4,CV,small_neg,DV,-0.113784445833046,0.00754599282974143,Inf,-15.078790611168,2.23322181576491e-51
QTL AF,2 - 200,WT,2X,2,4,CV,small_neg,DV,-0.0993710974236736,0.00754599282974126,Inf,-13.1687240719364,1.32823389083115e-39
QTL AF,2 - 200,Chr,20X,8,4,CV,small_neg,DV,-0.250738063047786,0.00754599282974161,Inf,-33.2279752585415,4.24752065191971e-242
QTL AF,2 - 200,Peri,20X,8,4,CV,small_neg,DV,-0.237656983858673,0.00754599282974146,Inf,-31.4944619244776,1.03436790037468e-217
QTL AF,2 - 200,WT,20X,8,4,CV,small_neg,DV,-0.242055379903257,0.00754599282974144,Inf,-32.0773403003023,9.12885168655171e-226
QTL AF,2 - 200,Chr,2X,8,4,CV,small_neg,DV,-0.240394577720714,0.00754599282974148,Inf,-31.8572496879711,1.04464023862641e-222
QTL AF,2 - 200,Peri,2X,8,4,CV,small_neg,DV,-0.248562485610111,0.00754599282974136,Inf,-32.9396662862494,5.94800657966356e-238
QTL AF,2 - 200,WT,2X,8,4,CV,small_neg,DV,-0.239602351636833,0.00754599282974143,Inf,-31.7522633592328,2.9548460733057e-221
QTL AF,2 - 200,Chr,20X,2,5,CV,small_neg,DV,-0.114218172477369,0.00754599282974221,Inf,-15.1362683551968,9.33631593085286e-52
QTL AF,2 - 200,Peri,20X,2,5,CV,small_neg,DV,-0.0994605617248023,0.00754599282974145,Inf,-13.1805799407591,1.13514840394877e-39
QTL AF,2 - 200,WT,20X,2,5,CV,small_neg,DV,-0.0981427874279301,0.00754599282974149,Inf,-13.0059476125015,1.13187092217755e-38
QTL AF,2 - 200,Chr,2X,2,5,CV,small_neg,DV,-0.101493757537972,0.00754599282974148,Inf,-13.4500204052605,3.07787354295367e-41
QTL AF,2 - 200,Peri,2X,2,5,CV,small_neg,DV,-0.094029630047943,0.00754599282974137,Inf,-12.4608692546513,1.22033159284749e-35
QTL AF,2 - 200,WT,2X,2,5,CV,small_neg,DV,-0.0874300522424419,0.00754599282974133,Inf,-11.5862888045494,4.83637104200206e-31
QTL AF,2 - 200,Chr,20X,8,5,CV,small_neg,DV,-0.254839286257886,0.00754599282974155,Inf,-33.7714720922435,5.17493587025092e-250
QTL AF,2 - 200,Peri,20X,8,5,CV,small_neg,DV,-0.243307605014911,0.00754599282974144,Inf,-32.2432860068392,4.36926226092696e-228
QTL AF,2 - 200,WT,20X,8,5,CV,small_neg,DV,-0.216928263676993,0.00754599282974147,Inf,-28.7474781081159,9.73950539193038e-182
QTL AF,2 - 200,Chr,2X,8,5,CV,small_neg,DV,-0.246197179879716,0.00754599282974141,Inf,-32.6262143941307,1.74289782171204e-233
QTL AF,2 - 200,Peri,2X,8,5,CV,small_neg,DV,-0.246737126598628,0.00754599282974133,Inf,-32.6977684932529,1.68009141298899e-234
QTL AF,2 - 200,WT,2X,8,5,CV,small_neg,DV,-0.250498218684818,0.00754599282974132,Inf,-33.1961909236806,1.22180539633885e-241
QTL AF,2 - 200,Chr,20X,2,1,GW,small_neg,DV,-0.0334899888828896,0.00754599282974121,Inf,-4.43811565138184,9.07498572915017e-06
QTL AF,2 - 200,Peri,20X,2,1,GW,small_neg,DV,-0.0312955316610321,0.00754599282974143,Inf,-4.14730471750322,3.36412194825866e-05
QTL AF,2 - 200,WT,20X,2,1,GW,small_neg,DV,-0.0344200120334215,0.00754599282974128,Inf,-4.56136293924912,5.08226461750842e-06
QTL AF,2 - 200,Chr,2X,2,1,GW,small_neg,DV,-0.0455007258885594,0.00754599282974139,Inf,-6.02978652580018,1.64176397581893e-09
QTL AF,2 - 200,Peri,2X,2,1,GW,small_neg,DV,-0.0355459420963296,0.0075459928297414,Inf,-4.71057194173716,2.47022581430856e-06
QTL AF,2 - 200,WT,2X,2,1,GW,small_neg,DV,-0.0394463739329264,0.0075459928297414,Inf,-5.22745976877349,1.71854776840371e-07
QTL AF,2 - 200,Chr,20X,8,1,GW,small_neg,DV,-0.0198460208035054,0.00754599282974161,Inf,-2.63000790635325,0.00853828824252094
QTL AF,2 - 200,Peri,20X,8,1,GW,small_neg,DV,-0.0189808950920619,0.00754599282974136,Inf,-2.51536087037502,0.0118910600119708
QTL AF,2 - 200,WT,20X,8,1,GW,small_neg,DV,-0.0206437594694335,0.00754599282974143,Inf,-2.73572476613934,0.00622430624058382
QTL AF,2 - 200,Chr,2X,8,1,GW,small_neg,DV,-0.0192578352665935,0.00754599282974146,Inf,-2.55206116691385,0.0107087716635203
QTL AF,2 - 200,Peri,2X,8,1,GW,small_neg,DV,-0.02025773036033,0.00754599282974141,Inf,-2.6845679312717,0.00726236231956988
QTL AF,2 - 200,WT,2X,8,1,GW,small_neg,DV,-0.0206801360745919,0.00754599282974145,Inf,-2.74054541810377,0.00613373040088533
QTL AF,2 - 200,Chr,20X,2,2,GW,small_neg,DV,-0.0463212956166595,0.00754599282974143,Inf,-6.13852897316451,8.32891235896075e-10
QTL AF,2 - 200,Peri,20X,2,2,GW,small_neg,DV,-0.0450333764677166,0.00754599282974147,Inf,-5.96785306901219,2.4039569372814e-09
QTL AF,2 - 200,WT,20X,2,2,GW,small_neg,DV,-0.0526912862523062,0.00754599282974135,Inf,-6.98268437847327,2.89592524956559e-12
QTL AF,2 - 200,Chr,2X,2,2,GW,small_neg,DV,-0.0547475578542977,0.0075459928297415,Inf,-7.25518286189164,4.01119553912003e-13
QTL AF,2 - 200,Peri,2X,2,2,GW,small_neg,DV,-0.062947686191902,0.00754599282974161,Inf,-8.34186933544402,7.31252300051416e-17
QTL AF,2 - 200,WT,2X,2,2,GW,small_neg,DV,-0.0390644342259484,0.00754599282974157,Inf,-5.17684486420142,2.25669712408334e-07
QTL AF,2 - 200,Chr,20X,8,2,GW,small_neg,DV,-0.141414200639338,0.00754599282974147,Inf,-18.7403041362527,2.32296046985097e-78
QTL AF,2 - 200,Peri,20X,8,2,GW,small_neg,DV,-0.130690316500456,0.00754599282974153,Inf,-17.3191678615645,3.37198571275653e-67
QTL AF,2 - 200,WT,20X,8,2,GW,small_neg,DV,-0.148944143397356,0.00754599282974147,Inf,-19.7381771700489,1.01369539531632e-86
QTL AF,2 - 200,Chr,2X,8,2,GW,small_neg,DV,-0.149432470739557,0.00754599282974177,Inf,-19.8028906349584,2.81091796839484e-87
QTL AF,2 - 200,Peri,2X,8,2,GW,small_neg,DV,-0.134977115161555,0.00754599282974188,Inf,-17.8872572777375,1.48226869737982e-71
QTL AF,2 - 200,WT,2X,8,2,GW,small_neg,DV,-0.139647360858351,0.00754599282974126,Inf,-18.5061613506912,1.84166332001519e-76
QTL AF,2 - 200,Chr,20X,2,3,GW,small_neg,DV,-0.0475182089127004,0.00754599282974127,Inf,-6.29714472102536,3.031782023906e-10
QTL AF,2 - 200,Peri,20X,2,3,GW,small_neg,DV,-0.0369683372971928,0.00754599282974137,Inf,-4.89906870193247,9.62919732379824e-07
QTL AF,2 - 200,WT,20X,2,3,GW,small_neg,DV,-0.0466546553586481,0.00754599282974143,Inf,-6.18270602839238,6.30119912035623e-10
QTL AF,2 - 200,Chr,2X,2,3,GW,small_neg,DV,-0.0518176962248851,0.00754599282974139,Inf,-6.8669156456992,6.56048354712604e-12
QTL AF,2 - 200,Peri,2X,2,3,GW,small_neg,DV,-0.0389978728252353,0.00754599282974136,Inf,-5.16802410300885,2.36581805385507e-07
QTL AF,2 - 200,WT,2X,2,3,GW,small_neg,DV,-0.0649075350132651,0.00754599282974153,Inf,-8.60158980769776,7.86193458194561e-18
QTL AF,2 - 200,Chr,20X,8,3,GW,small_neg,DV,-0.16018771693991,0.00754599282974133,Inf,-21.22818303094,5.24515059326335e-100
QTL AF,2 - 200,Peri,20X,8,3,GW,small_neg,DV,-0.176556246802374,0.00754599282974126,Inf,-23.3973515196711,4.54730418045647e-121
QTL AF,2 - 200,WT,20X,8,3,GW,small_neg,DV,-0.19252996717992,0.00754599282974143,Inf,-25.5141995922778,1.37152201185723e-143
QTL AF,2 - 200,Chr,2X,8,3,GW,small_neg,DV,-0.177362328899691,0.00754599282974145,Inf,-23.504174056546,3.69696020519907e-122
QTL AF,2 - 200,Peri,2X,8,3,GW,small_neg,DV,-0.171345126306458,0.00754599282974095,Inf,-22.70677035779,3.84051277177219e-114
QTL AF,2 - 200,WT,2X,8,3,GW,small_neg,DV,-0.172689416635399,0.00754599282974192,Inf,-22.8849166082901,6.56660483415008e-116
QTL AF,2 - 200,Chr,20X,2,4,GW,small_neg,DV,-0.0420583450819456,0.00754599282974159,Inf,-5.57359992659652,2.49528414706437e-08
QTL AF,2 - 200,Peri,20X,2,4,GW,small_neg,DV,-0.0542483225212764,0.00754599282974145,Inf,-7.18902386276654,6.52561695198375e-13
QTL AF,2 - 200,WT,20X,2,4,GW,small_neg,DV,-0.0676885276599268,0.00754599282974139,Inf,-8.97012880705939,2.96167885710785e-19
QTL AF,2 - 200,Chr,2X,2,4,GW,small_neg,DV,-0.0622785909918136,0.00754599282974145,Inf,-8.25320039350574,1.54208154061508e-16
QTL AF,2 - 200,Peri,2X,2,4,GW,small_neg,DV,-0.0695844782873735,0.00754599282974149,Inf,-9.2213814480602,2.9329681671852e-20
QTL AF,2 - 200,WT,2X,2,4,GW,small_neg,DV,-0.0698418362633817,0.00754599282974153,Inf,-9.25548669859709,2.13256608707716e-20
QTL AF,2 - 200,Chr,20X,8,4,GW,small_neg,DV,-0.181141527507041,0.00754599282974149,Inf,-24.0049959752276,2.46603025779757e-127
QTL AF,2 - 200,Peri,20X,8,4,GW,small_neg,DV,-0.183785266680847,0.0075459928297415,Inf,-24.3553460528723,5.08850972079597e-131
QTL AF,2 - 200,WT,20X,8,4,GW,small_neg,DV,-0.181153762136819,0.00754599282974147,Inf,-24.0066173165216,2.37173264502183e-127
QTL AF,2 - 200,Chr,2X,8,4,GW,small_neg,DV,-0.205747419137675,0.00754599282974165,Inf,-27.265785136549,1.08013495238812e-163
QTL AF,2 - 200,Peri,2X,8,4,GW,small_neg,DV,-0.193528426975665,0.00754599282974137,Inf,-25.6465161499892,4.62385819085582e-145
QTL AF,2 - 200,WT,2X,8,4,GW,small_neg,DV,-0.198722485558145,0.00754599282974174,Inf,-26.3348362557279,7.65683093011444e-153
QTL AF,2 - 200,Chr,20X,2,5,GW,small_neg,DV,-0.0355293531044336,0.00754599282974148,Inf,-4.70837355747273,2.49701181384917e-06
QTL AF,2 - 200,Peri,20X,2,5,GW,small_neg,DV,-0.0286803233956624,0.00754599282974138,Inf,-3.80073557486343,0.000144267189952434
QTL AF,2 - 200,WT,20X,2,5,GW,small_neg,DV,-0.0398815758433465,0.00754599282974137,Inf,-5.2851330160505,1.25613450590479e-07
QTL AF,2 - 200,Chr,2X,2,5,GW,small_neg,DV,-0.0393789582581895,0.00754599282974141,Inf,-5.21852579861767,1.80352860393604e-07
QTL AF,2 - 200,Peri,2X,2,5,GW,small_neg,DV,-0.0601644989469047,0.00754599282974154,Inf,-7.97303950644826,1.54818656974811e-15
QTL AF,2 - 200,WT,2X,2,5,GW,small_neg,DV,-0.0406599094342576,0.00754599282974141,Inf,-5.38827830235972,7.11358404024103e-08
QTL AF,2 - 200,Chr,20X,8,5,GW,small_neg,DV,-0.161698936561688,0.00754599282974141,Inf,-21.4284508626057,7.25542422367515e-102
QTL AF,2 - 200,Peri,20X,8,5,GW,small_neg,DV,-0.139167644383286,0.00754599282974143,Inf,-18.4425890036334,5.98077267405389e-76
QTL AF,2 - 200,WT,20X,8,5,GW,small_neg,DV,-0.175395417413097,0.00754599282974142,Inf,-23.243517635188,1.65435289820011e-119
QTL AF,2 - 200,Chr,2X,8,5,GW,small_neg,DV,-0.175652846427571,0.00754599282974136,Inf,-23.27763229979,7.47083710563939e-120
QTL AF,2 - 200,Peri,2X,8,5,GW,small_neg,DV,-0.171713919153822,0.00754599282974136,Inf,-22.755643031761,1.26178735884532e-114
QTL AF,2 - 200,WT,2X,8,5,GW,small_neg,DV,-0.179046536447147,0.00754599282974138,Inf,-23.7273663634376,1.88213243426001e-124
QTL AF,2 - 200,Chr,20X,2,1,CV,large_neg,R,0.0297156924950767,0.00754599282971296,Inf,3.9379433781157,8.21829805124517e-05
QTL AF,2 - 200,Peri,20X,2,1,CV,large_neg,R,0.032722398524197,0.00754599282974052,Inf,4.3363940653681,1.44839181757885e-05
QTL AF,2 - 200,WT,20X,2,1,CV,large_neg,R,0.0355527172967945,0.00754599282974,Inf,4.71146979582002,2.45936552027511e-06
QTL AF,2 - 200,Chr,2X,2,1,CV,large_neg,R,0.0349428061608072,0.00754599282973774,Inf,4.63064396551006,3.64530220849217e-06
QTL AF,2 - 200,Peri,2X,2,1,CV,large_neg,R,0.0344330208118046,0.00754599282974083,Inf,4.56308687123245,5.04069451020516e-06
QTL AF,2 - 200,WT,2X,2,1,CV,large_neg,R,0.0348565518642668,0.00754599282974128,Inf,4.61921348863274,3.85197370063133e-06
QTL AF,2 - 200,Chr,20X,8,1,CV,large_neg,R,0.0605487046178753,0.00754599282973831,Inf,8.02395469808246,1.02394076996241e-15
QTL AF,2 - 200,Peri,20X,8,1,CV,large_neg,R,0.0610800131472083,0.00754599282974143,Inf,8.0943640585597,5.75642881918816e-16
QTL AF,2 - 200,WT,20X,8,1,CV,large_neg,R,0.0585924995157851,0.0075459928297411,Inf,7.76471709393279,8.18276630201629e-15
QTL AF,2 - 200,Chr,2X,8,1,CV,large_neg,R,0.0594907587601611,0.00754599282974152,Inf,7.88375500778192,3.17686860144554e-15
QTL AF,2 - 200,Peri,2X,8,1,CV,large_neg,R,0.0587641387717499,0.00754599282974154,Inf,7.78746284254853,6.83681371788358e-15
QTL AF,2 - 200,WT,2X,8,1,CV,large_neg,R,0.0587644444784752,0.00754599282974137,Inf,7.78750335500773,6.83462264172029e-15
QTL AF,2 - 200,Chr,20X,2,2,CV,large_neg,R,-0.11888483234883,0.00754599282974208,Inf,-15.7546972321855,6.37640089033225e-56
QTL AF,2 - 200,Peri,20X,2,2,CV,large_neg,R,-0.119347289554477,0.00754599282974162,Inf,-15.8159823693555,2.41414512941231e-56
QTL AF,2 - 200,WT,20X,2,2,CV,large_neg,R,-0.138330359056059,0.00754599282974143,Inf,-18.3316313939301,4.62813436405227e-75
QTL AF,2 - 200,Chr,2X,2,2,CV,large_neg,R,-0.13347801247805,0.00754599282974177,Inf,-17.6885951908091,5.13394437284903e-70
QTL AF,2 - 200,Peri,2X,2,2,CV,large_neg,R,-0.130234889789849,0.00754599282974131,Inf,-17.2588144102853,9.60630808550407e-67
QTL AF,2 - 200,WT,2X,2,2,CV,large_neg,R,-0.122293845594803,0.00754599282974137,Inf,-16.2064619400115,4.53961860119317e-59
QTL AF,2 - 200,Chr,20X,8,2,CV,large_neg,R,0.0493280792028514,0.00754599282974164,Inf,6.53698993834589,6.27692697115145e-11
QTL AF,2 - 200,Peri,20X,8,2,CV,large_neg,R,0.0563311097101222,0.00754599282974157,Inf,7.46503620943029,8.32767087540313e-14
QTL AF,2 - 200,WT,20X,8,2,CV,large_neg,R,0.0553870688218617,0.00754599282974138,Inf,7.33993128161506,2.1370354896533e-13
QTL AF,2 - 200,Chr,2X,8,2,CV,large_neg,R,0.0469565995540275,0.00754599282974152,Inf,6.22271987444176,4.88609319574848e-10
QTL AF,2 - 200,Peri,2X,8,2,CV,large_neg,R,0.0486550129311342,0.00754599282974143,Inf,6.44779474734823,1.13489315139383e-10
QTL AF,2 - 200,WT,2X,8,2,CV,large_neg,R,0.0509385664284332,0.00754599282974137,Inf,6.75041277904038,1.47425124281601e-11
QTL AF,2 - 200,Chr,20X,2,3,CV,large_neg,R,-0.185381019747666,0.00754599282974056,Inf,-24.5668163130284,2.85978778185377e-133
QTL AF,2 - 200,Peri,20X,2,3,CV,large_neg,R,-0.15436279905385,0.00754599282974131,Inf,-20.4562610297553,5.28382373295141e-93
QTL AF,2 - 200,WT,20X,2,3,CV,large_neg,R,-0.171015624606452,0.00754599282974121,Inf,-22.6631045728566,1.03613129762331e-113
QTL AF,2 - 200,Chr,2X,2,3,CV,large_neg,R,-0.169775451703195,0.00754599282974114,Inf,-22.4987560330108,4.2686672619337e-112
QTL AF,2 - 200,Peri,2X,2,3,CV,large_neg,R,-0.169502657958694,0.00754599282974137,Inf,-22.462605224143,9.63688797590193e-112
QTL AF,2 - 200,WT,2X,2,3,CV,large_neg,R,-0.168723008444522,0.00754599282974136,Inf,-22.359285550806,9.80700335522245e-111
QTL AF,2 - 200,Chr,20X,8,3,CV,large_neg,R,0.0564273262487211,0.00754599282974116,Inf,7.47778688926433,7.55846349220292e-14
QTL AF,2 - 200,Peri,20X,8,3,CV,large_neg,R,0.049258717365995,0.00754599282974135,Inf,6.52779806148893,6.67435975733036e-11
QTL AF,2 - 200,WT,20X,8,3,CV,large_neg,R,0.0552406738977209,0.00754599282974132,Inf,7.32053092868028,2.46991776336616e-13
QTL AF,2 - 200,Chr,2X,8,3,CV,large_neg,R,0.0450247690554196,0.00754599282974137,Inf,5.96671240899691,2.4208153831978e-09
QTL AF,2 - 200,Peri,2X,8,3,CV,large_neg,R,0.0536380873420728,0.00754599282974138,Inf,7.10815509003222,1.17604366434786e-12
QTL AF,2 - 200,WT,2X,8,3,CV,large_neg,R,0.0498786231343428,0.0075459928297414,Inf,6.60994838714313,3.84454038912807e-11
QTL AF,2 - 200,Chr,20X,2,4,CV,large_neg,R,-0.0579327013831725,0.00754599282974085,Inf,-7.67728020557397,1.62501727444976e-14
QTL AF,2 - 200,Peri,20X,2,4,CV,large_neg,R,-0.0551731681986941,0.0075459928297415,Inf,-7.31158502844538,2.64009375997901e-13
QTL AF,2 - 200,WT,20X,2,4,CV,large_neg,R,-0.0557955712448516,0.00754599282974141,Inf,-7.39406629501975,1.42405354798912e-13
QTL AF,2 - 200,Chr,2X,2,4,CV,large_neg,R,-0.053914589767239,0.00754599282974118,Inf,-7.14479737573355,9.01287380591438e-13
QTL AF,2 - 200,Peri,2X,2,4,CV,large_neg,R,-0.0493949932963167,0.00754599282974142,Inf,-6.54585743861743,5.91549906649208e-11
QTL AF,2 - 200,WT,2X,2,4,CV,large_neg,R,-0.0587919454119207,0.0075459928297414,Inf,-7.79114779704018,6.64031846005325e-15
QTL AF,2 - 200,Chr,20X,8,4,CV,large_neg,R,0.0738711297761197,0.00754599282974121,Inf,9.789451360856,1.24972144212176e-22
QTL AF,2 - 200,Peri,20X,8,4,CV,large_neg,R,0.07134130121474,0.00754599282974133,Inf,9.45419679350338,3.25511401047162e-21
QTL AF,2 - 200,WT,20X,8,4,CV,large_neg,R,0.0647869336542441,0.00754599282974145,Inf,8.58560763520682,9.03575604783041e-18
QTL AF,2 - 200,Chr,2X,8,4,CV,large_neg,R,0.0660484092929484,0.00754599282974128,Inf,8.75277922775509,2.08161663340857e-18
QTL AF,2 - 200,Peri,2X,8,4,CV,large_neg,R,0.0654039872630246,0.00754599282974131,Inf,8.66737999077409,4.42177308287202e-18
QTL AF,2 - 200,WT,2X,8,4,CV,large_neg,R,0.0638846430051688,0.00754599282974164,Inf,8.46603547691897,2.53886864415342e-17
QTL AF,2 - 200,Chr,20X,2,5,CV,large_neg,R,-0.176646428752624,0.00754599282974233,Inf,-23.4093024918307,3.4360867638991e-121
QTL AF,2 - 200,Peri,20X,2,5,CV,large_neg,R,-0.175267358739295,0.00754599282974145,Inf,-23.226547214371,2.45578364011027e-119
QTL AF,2 - 200,WT,20X,2,5,CV,large_neg,R,-0.161244874461969,0.0075459928297417,Inf,-21.3682782504696,2.63678303353858e-101
QTL AF,2 - 200,Chr,2X,2,5,CV,large_neg,R,-0.178129288897341,0.00754599282974147,Inf,-23.6058121066945,3.35923383866413e-123
QTL AF,2 - 200,Peri,2X,2,5,CV,large_neg,R,-0.159962425913232,0.0075459928297414,Inf,-21.1983273139042,9.89512408454554e-100
QTL AF,2 - 200,WT,2X,2,5,CV,large_neg,R,-0.164270616129913,0.00754599282974149,Inf,-21.7692515532831,4.53982829552235e-105
QTL AF,2 - 200,Chr,20X,8,5,CV,large_neg,R,0.0523147579337835,0.00754599282974158,Inf,6.93278659470646,4.12630449916606e-12
QTL AF,2 - 200,Peri,20X,8,5,CV,large_neg,R,0.0327076358915057,0.00754599282974145,Inf,4.33443771144245,1.46133156780421e-05
QTL AF,2 - 200,WT,20X,8,5,CV,large_neg,R,0.0386625283359292,0.0075459928297415,Inf,5.12358402774333,2.99781955993731e-07
QTL AF,2 - 200,Chr,2X,8,5,CV,large_neg,R,0.0480938167219965,0.00754599282974144,Inf,6.37342465161664,1.84853115749422e-10
QTL AF,2 - 200,Peri,2X,8,5,CV,large_neg,R,0.0465963991104267,0.0075459928297414,Inf,6.17498587154417,6.61693875928446e-10
QTL AF,2 - 200,WT,2X,8,5,CV,large_neg,R,0.0411666366265566,0.00754599282974148,Inf,5.45543012767043,4.88544399049831e-08
QTL AF,2 - 200,Chr,20X,2,1,GW,large_neg,R,0.0260615881863359,0.00754599282973779,Inf,3.45369903926102,0.000552954089677694
QTL AF,2 - 200,Peri,20X,2,1,GW,large_neg,R,0.0299429617468144,0.00754599282974103,Inf,3.96806125084034,7.24597126090948e-05
QTL AF,2 - 200,WT,20X,2,1,GW,large_neg,R,0.0333386822775014,0.00754599282974115,Inf,4.41806439917397,9.95887506940032e-06
QTL AF,2 - 200,Chr,2X,2,1,GW,large_neg,R,0.0333574393366223,0.0075459928297408,Inf,4.42055009715243,9.84499576026664e-06
QTL AF,2 - 200,Peri,2X,2,1,GW,large_neg,R,0.0327163945882896,0.00754599282974123,Inf,4.33559841977898,1.45364115278914e-05
QTL AF,2 - 200,WT,2X,2,1,GW,large_neg,R,0.0350125138352054,0.00754599282974165,Inf,4.63988167298644,3.48608727251287e-06
QTL AF,2 - 200,Chr,20X,8,1,GW,large_neg,R,0.0494764555153701,0.00754599282974125,Inf,6.55665286618973,5.50289071151866e-11
QTL AF,2 - 200,Peri,20X,8,1,GW,large_neg,R,0.0521963774915467,0.00754599282974139,Inf,6.91709873958832,4.60986797621115e-12
QTL AF,2 - 200,WT,20X,8,1,GW,large_neg,R,0.0554775379211301,0.0075459928297415,Inf,7.35192030695723,1.95379291538052e-13
QTL AF,2 - 200,Chr,2X,8,1,GW,large_neg,R,0.0535903903036527,0.00754599282974152,Inf,7.10183424670552,1.23111834815197e-12
QTL AF,2 - 200,Peri,2X,8,1,GW,large_neg,R,0.0543220193226367,0.00754599282974132,Inf,7.19879021200964,6.0749132951098e-13
QTL AF,2 - 200,WT,2X,8,1,GW,large_neg,R,0.0533953247576352,0.00754599282974162,Inf,7.07598403051536,1.48391951097836e-12
QTL AF,2 - 200,Chr,20X,2,2,GW,large_neg,R,-0.108615489810922,0.00754599282974146,Inf,-14.3937971134599,5.66010929264941e-47
QTL AF,2 - 200,Peri,20X,2,2,GW,large_neg,R,-0.0971813632334188,0.00754599282974152,Inf,-12.8785390373539,5.94502667456614e-38
QTL AF,2 - 200,WT,20X,2,2,GW,large_neg,R,-0.101153786255114,0.00754599282974148,Inf,-13.4049671842293,5.65482898611442e-41
QTL AF,2 - 200,Chr,2X,2,2,GW,large_neg,R,-0.101432756877058,0.00754599282974138,Inf,-13.4419365570129,3.43332416234661e-41
QTL AF,2 - 200,Peri,2X,2,2,GW,large_neg,R,-0.110585225578458,0.00754599282974134,Inf,-14.6548278104114,1.25474320324109e-48
QTL AF,2 - 200,WT,2X,2,2,GW,large_neg,R,-0.100902460331692,0.00754599282974136,Inf,-13.3716613053223,8.85409542427168e-41
QTL AF,2 - 200,Chr,20X,8,2,GW,large_neg,R,0.0404771150878719,0.00754599282974155,Inf,5.36405427372481,8.13744354661364e-08
QTL AF,2 - 200,Peri,20X,8,2,GW,large_neg,R,0.04036178044485,0.00754599282974173,Inf,5.34877004994868,8.85539679723458e-08
QTL AF,2 - 200,WT,20X,8,2,GW,large_neg,R,0.0488607792924436,0.00754599282974143,Inf,6.475063042714,9.47723633582898e-11
QTL AF,2 - 200,Chr,2X,8,2,GW,large_neg,R,0.0488917478864658,0.00754599282974135,Inf,6.47916702143774,9.22303648696873e-11
QTL AF,2 - 200,Peri,2X,8,2,GW,large_neg,R,0.0370684139515209,0.00754599282974165,Inf,4.91233092687553,8.99999821063026e-07
QTL AF,2 - 200,WT,2X,8,2,GW,large_neg,R,0.0443629829757217,0.00754599282974075,Inf,5.87901207656539,4.1272226367715e-09
QTL AF,2 - 200,Chr,20X,2,3,GW,large_neg,R,-0.125118564162773,0.00754599282974121,Inf,-16.580795527613,9.59502017237564e-62
QTL AF,2 - 200,Peri,20X,2,3,GW,large_neg,R,-0.137918029584978,0.00754599282974135,Inf,-18.2769892175613,1.26203279677504e-74
QTL AF,2 - 200,WT,20X,2,3,GW,large_neg,R,-0.128248086991787,0.00754599282974141,Inf,-16.9955219790717,8.86378220052318e-65
QTL AF,2 - 200,Chr,2X,2,3,GW,large_neg,R,-0.12198061527912,0.00754599282974125,Inf,-16.1649524497762,8.91066449972653e-59
QTL AF,2 - 200,Peri,2X,2,3,GW,large_neg,R,-0.132931152997116,0.00754599282974125,Inf,-17.6161250078572,1.85268955952722e-69
QTL AF,2 - 200,WT,2X,2,3,GW,large_neg,R,-0.134350483931416,0.00754599282974145,Inf,-17.8042156894044,6.55440049436803e-71
QTL AF,2 - 200,Chr,20X,8,3,GW,large_neg,R,0.0427720532908046,0.00754599282974136,Inf,5.66818101419672,1.44321451981053e-08
QTL AF,2 - 200,Peri,20X,8,3,GW,large_neg,R,0.0465453698993354,0.00754599282974138,Inf,6.16822344647399,6.90615069951588e-10
QTL AF,2 - 200,WT,20X,8,3,GW,large_neg,R,0.0504383462633939,0.00754599282974147,Inf,6.68412326931961,2.32311200705533e-11
QTL AF,2 - 200,Chr,2X,8,3,GW,large_neg,R,0.0453891121274144,0.00754599282974156,Inf,6.01499539577073,1.79891813056901e-09
QTL AF,2 - 200,Peri,2X,8,3,GW,large_neg,R,0.0441940729254616,0.00754599282974079,Inf,5.85662800410847,4.72359542484532e-09
QTL AF,2 - 200,WT,2X,8,3,GW,large_neg,R,0.0472398195178529,0.00754599282974133,Inf,6.26025237284413,3.84354942185867e-10
QTL AF,2 - 200,Chr,20X,2,4,GW,large_neg,R,-0.0563740584469052,0.00754599282974123,Inf,-7.470727804659,7.9752473662945e-14
QTL AF,2 - 200,Peri,20X,2,4,GW,large_neg,R,-0.0510775059195983,0.00754599282974143,Inf,-6.76882513302739,1.29832347082221e-11
QTL AF,2 - 200,WT,20X,2,4,GW,large_neg,R,-0.052242778674251,0.00754599282974147,Inf,-6.92324785525152,4.41404468476127e-12
QTL AF,2 - 200,Chr,2X,2,4,GW,large_neg,R,-0.0640314891611549,0.0075459928297414,Inf,-8.48549562739902,2.14801206568518e-17
QTL AF,2 - 200,Peri,2X,2,4,GW,large_neg,R,-0.0564035263078692,0.0075459928297416,Inf,-7.47463290523702,7.74196665661702e-14
QTL AF,2 - 200,WT,2X,2,4,GW,large_neg,R,-0.0601534896987524,0.0075459928297415,Inf,-7.97158055354435,1.56657728575777e-15
QTL AF,2 - 200,Chr,20X,8,4,GW,large_neg,R,0.0577069156910131,0.00754599282974134,Inf,7.64735893513845,2.05149100158298e-14
QTL AF,2 - 200,Peri,20X,8,4,GW,large_neg,R,0.0595863674853475,0.00754599282974157,Inf,7.89642513977689,2.8701651125599e-15
QTL AF,2 - 200,WT,20X,8,4,GW,large_neg,R,0.0583525849020839,0.00754599282974137,Inf,7.73292344939637,1.05104504511788e-14
QTL AF,2 - 200,Chr,2X,8,4,GW,large_neg,R,0.0597698891900583,0.0075459928297412,Inf,7.9207455584222,2.36090622988797e-15
QTL AF,2 - 200,Peri,2X,8,4,GW,large_neg,R,0.0608659667380943,0.00754599282974129,Inf,8.06599848573949,7.26397102367988e-16
QTL AF,2 - 200,WT,2X,8,4,GW,large_neg,R,0.0588388369277059,0.0075459928297414,Inf,7.79736189197019,6.32147604845555e-15
QTL AF,2 - 200,Chr,20X,2,5,GW,large_neg,R,-0.141627007369264,0.00754599282974156,Inf,-18.7685054259605,1.36676789232206e-78
QTL AF,2 - 200,Peri,20X,2,5,GW,large_neg,R,-0.137188108304271,0.00754599282974142,Inf,-18.1802595628721,7.39827827439181e-74
QTL AF,2 - 200,WT,20X,2,5,GW,large_neg,R,-0.13758646349288,0.00754599282974158,Inf,-18.233049858012,2.82139194426614e-74
QTL AF,2 - 200,Chr,2X,2,5,GW,large_neg,R,-0.127151805837833,0.00754599282974138,Inf,-16.8502420697623,1.0448612243612e-63
QTL AF,2 - 200,Peri,2X,2,5,GW,large_neg,R,-0.135901269935134,0.00754599282974139,Inf,-18.0097268843803,1.63432920279776e-72
QTL AF,2 - 200,WT,2X,2,5,GW,large_neg,R,-0.13580755541073,0.00754599282974152,Inf,-17.9973077731353,2.04522080087375e-72
QTL AF,2 - 200,Chr,20X,8,5,GW,large_neg,R,0.0281431178372716,0.00754599282974144,Inf,3.72954473616111,0.000191826047940475
QTL AF,2 - 200,Peri,20X,8,5,GW,large_neg,R,0.0285249227032507,0.00754599282974156,Inf,3.78014177151394,0.000156739084552944
QTL AF,2 - 200,WT,20X,8,5,GW,large_neg,R,0.0500698082957751,0.00754599282974169,Inf,6.63528437218102,3.23877512650254e-11
QTL AF,2 - 200,Chr,2X,8,5,GW,large_neg,R,0.036053952664912,0.0075459928297413,Inf,4.77789384092856,1.77140855177628e-06
QTL AF,2 - 200,Peri,2X,8,5,GW,large_neg,R,0.0486303415706632,0.0075459928297418,Inf,6.44452528221222,1.15962803590612e-10
QTL AF,2 - 200,WT,2X,8,5,GW,large_neg,R,0.0417833253762534,0.00754599282974159,Inf,5.53715413186845,3.07425989483552e-08
QTL AF,2 - 200,Chr,20X,2,1,CV,med_neg,R,-0.0163835049157992,0.00754599282974187,Inf,-2.17115299278115,0.0299196093490967
QTL AF,2 - 200,Chr,20X,8,1,CV,med_neg,R,0.0427903670117387,0.00754599282974127,Inf,5.67060796070301,1.42291668963532e-08
QTL AF,2 - 200,Peri,20X,8,1,CV,med_neg,R,0.0456679402793962,0.00754599282974138,Inf,6.05194588833997,1.4310654437493e-09
QTL AF,2 - 200,WT,20X,8,1,CV,med_neg,R,0.0451408909602371,0.0075459928297415,Inf,5.98210096123077,2.20277658307012e-09
QTL AF,2 - 200,Chr,2X,8,1,CV,med_neg,R,0.0444239443177191,0.00754599282974148,Inf,5.8870907142435,3.9305300033033e-09
QTL AF,2 - 200,Peri,2X,8,1,CV,med_neg,R,0.0448194110222576,0.00754599282974128,Inf,5.9394982255495,2.85895771161903e-09
QTL AF,2 - 200,WT,2X,8,1,CV,med_neg,R,0.0449573587183919,0.00754599282974172,Inf,5.95777914619761,2.55688732178776e-09
QTL AF,2 - 200,Chr,20X,2,2,CV,med_neg,R,-0.186350964090164,0.0075459928297416,Inf,-24.6953539838634,1.19974464102724e-134
QTL AF,2 - 200,Peri,20X,2,2,CV,med_neg,R,-0.18478782684785,0.00754599282974137,Inf,-24.4882059945163,1.97283621784379e-132
QTL AF,2 - 200,WT,20X,2,2,CV,med_neg,R,-0.194890080614143,0.00754599282974153,Inf,-25.826963397846,4.41622606916579e-147
QTL AF,2 - 200,Chr,2X,2,2,CV,med_neg,R,-0.185784185249805,0.00754599282974149,Inf,-24.6202440741214,7.66902853589903e-134
QTL AF,2 - 200,Peri,2X,2,2,CV,med_neg,R,-0.185756516105345,0.0075459928297413,Inf,-24.6165773406537,8.39475877219127e-134
QTL AF,2 - 200,WT,2X,2,2,CV,med_neg,R,-0.184276040329076,0.00754599282974175,Inf,-24.4203837038873,1.03893655294657e-131
QTL AF,2 - 200,Chr,20X,8,2,CV,med_neg,R,-0.117239751667942,0.0075459928297415,Inf,-15.5366900437352,1.95840417030024e-54
QTL AF,2 - 200,Peri,20X,8,2,CV,med_neg,R,-0.13514783086752,0.00754599282974144,Inf,-17.9098806368931,9.87471008026347e-72
QTL AF,2 - 200,WT,20X,8,2,CV,med_neg,R,-0.11966268068756,0.00754599282974156,Inf,-15.8577782125535,1.24210927818133e-56
QTL AF,2 - 200,Chr,2X,8,2,CV,med_neg,R,-0.129720012755484,0.00754599282974158,Inf,-17.1905825624707,3.12377719293936e-66
QTL AF,2 - 200,Peri,2X,8,2,CV,med_neg,R,-0.124568176619601,0.00754599282974094,Inf,-16.507857803501,3.22116038916926e-61
QTL AF,2 - 200,WT,2X,8,2,CV,med_neg,R,-0.132715327737059,0.00754599282974195,Inf,-17.5875237005225,3.07003256680887e-69
QTL AF,2 - 200,Chr,20X,2,3,CV,med_neg,R,-0.24259598773937,0.00754599282974145,Inf,-32.1489820111162,9.12626565480177e-227
QTL AF,2 - 200,Peri,20X,2,3,CV,med_neg,R,-0.247623108810404,0.00754599282974137,Inf,-32.8151794465581,3.57681179058535e-236
QTL AF,2 - 200,WT,20X,2,3,CV,med_neg,R,-0.2516544454853,0.00754599282974138,Inf,-33.3494148700278,7.42830649064625e-244
QTL AF,2 - 200,Chr,2X,2,3,CV,med_neg,R,-0.24169672628515,0.00754599282974141,Inf,-32.0298112837502,4.19464906727865e-225
QTL AF,2 - 200,Peri,2X,2,3,CV,med_neg,R,-0.239214727209796,0.00754599282974131,Inf,-31.7008951117698,1.51016079311571e-220
QTL AF,2 - 200,WT,2X,2,3,CV,med_neg,R,-0.237730614397599,0.00754599282974157,Inf,-31.5042194925782,7.60426669889262e-218
QTL AF,2 - 200,Chr,20X,8,3,CV,med_neg,R,-0.187793045862223,0.00754599282974154,Inf,-24.886459621597,1.04280376556561e-136
QTL AF,2 - 200,Peri,20X,8,3,CV,med_neg,R,-0.181180353172717,0.00754599282974133,Inf,-24.0101411783249,2.17901356198864e-127
QTL AF,2 - 200,WT,20X,8,3,CV,med_neg,R,-0.185375250818904,0.00754599282974139,Inf,-24.5660518107406,2.91409565275866e-133
QTL AF,2 - 200,Chr,2X,8,3,CV,med_neg,R,-0.196844303329642,0.00754599282974162,Inf,-26.0859382947999,5.26469719456734e-150
QTL AF,2 - 200,Peri,2X,8,3,CV,med_neg,R,-0.179477503215388,0.00754599282974144,Inf,-23.7844783668496,4.83483261740469e-125
QTL AF,2 - 200,WT,2X,8,3,CV,med_neg,R,-0.180182912535819,0.00754599282974151,Inf,-23.8779596802229,5.19007940564923e-126
QTL AF,2 - 200,Chr,20X,2,4,CV,med_neg,R,-0.197733284184649,0.0075459928297414,Inf,-26.2037466303059,2.40857538215263e-151
QTL AF,2 - 200,Peri,20X,2,4,CV,med_neg,R,-0.201085913437755,0.00754599282974141,Inf,-26.6480392938096,1.88582460918172e-156
QTL AF,2 - 200,WT,20X,2,4,CV,med_neg,R,-0.200149252353738,0.00754599282974144,Inf,-26.5239123425719,5.13701408182318e-155
QTL AF,2 - 200,Chr,2X,2,4,CV,med_neg,R,-0.220186006955444,0.00754599282974148,Inf,-29.1791964190069,3.56171486214671e-187
QTL AF,2 - 200,Peri,2X,2,4,CV,med_neg,R,-0.205931270173665,0.00754599282974149,Inf,-27.2901491983951,5.55211097060329e-164
QTL AF,2 - 200,WT,2X,2,4,CV,med_neg,R,-0.22202438081186,0.00754599282974169,Inf,-29.4228189479289,2.80475601317961e-190
QTL AF,2 - 200,Chr,20X,8,4,CV,med_neg,R,-0.0831780051761014,0.00754599282974146,Inf,-11.0228046928785,2.96668706907587e-28
QTL AF,2 - 200,Peri,20X,8,4,CV,med_neg,R,-0.0860477060035205,0.00754599282974119,Inf,-11.4030993594877,4.03493740590549e-30
QTL AF,2 - 200,WT,20X,8,4,CV,med_neg,R,-0.0916100364103282,0.00754599282974164,Inf,-12.1402230928789,6.4649529661885e-34
QTL AF,2 - 200,Chr,2X,8,4,CV,med_neg,R,-0.0962211626500292,0.00754599282974162,Inf,-12.7512926159677,3.06618565579091e-37
QTL AF,2 - 200,Peri,2X,8,4,CV,med_neg,R,-0.0912991596261862,0.00754599282974127,Inf,-12.0990254942127,1.06872305414176e-33
QTL AF,2 - 200,WT,2X,8,4,CV,med_neg,R,-0.0857993094334771,0.00754599282974222,Inf,-11.3701816804414,5.88649360304124e-30
QTL AF,2 - 200,Chr,20X,2,5,CV,med_neg,R,-0.268023586302698,0.00754599282974155,Inf,-35.518664322913,2.53219689260374e-276
QTL AF,2 - 200,Peri,20X,2,5,CV,med_neg,R,-0.259511161456907,0.00754599282974148,Inf,-34.3905921079172,3.4858370104542e-259
QTL AF,2 - 200,WT,20X,2,5,CV,med_neg,R,-0.272874594630062,0.00754599282974141,Inf,-36.1615231801662,2.45200721385315e-286
QTL AF,2 - 200,Chr,2X,2,5,CV,med_neg,R,-0.25458358213465,0.00754599282974144,Inf,-33.7375860113789,1.62588567443584e-249
QTL AF,2 - 200,Peri,2X,2,5,CV,med_neg,R,-0.264951200412916,0.00754599282974131,Inf,-35.1115096967298,4.49870089170044e-270
QTL AF,2 - 200,WT,2X,2,5,CV,med_neg,R,-0.260407953180522,0.00754599282974147,Inf,-34.5094355449373,5.79083432178242e-261
QTL AF,2 - 200,Chr,20X,8,5,CV,med_neg,R,-0.217034814966732,0.00754599282974147,Inf,-28.7615983560599,6.48621557983486e-182
QTL AF,2 - 200,Peri,20X,8,5,CV,med_neg,R,-0.204339590187602,0.00754599282974148,Inf,-27.079218705619,1.73020527960365e-161
QTL AF,2 - 200,WT,20X,8,5,CV,med_neg,R,-0.216216122488695,0.00754599282974127,Inf,-28.6531046831261,1.46645108313924e-180
QTL AF,2 - 200,Chr,2X,8,5,CV,med_neg,R,-0.223640607011145,0.00754599282974129,Inf,-29.6370023212456,4.98792188905775e-193
QTL AF,2 - 200,Peri,2X,8,5,CV,med_neg,R,-0.220665839073803,0.00754599282974102,Inf,-29.2427840911925,5.54666354134374e-188
QTL AF,2 - 200,WT,2X,8,5,CV,med_neg,R,-0.224798869723059,0.00754599282974146,Inf,-29.7904960679324,5.18702719538386e-195
QTL AF,2 - 200,Chr,20X,2,1,GW,med_neg,R,-0.0229462326952062,0.00754599282974162,Inf,-3.04085005286069,0.00235911285074076
QTL AF,2 - 200,Peri,20X,2,1,GW,med_neg,R,-0.0200173238742194,0.00754599282974142,Inf,-2.65270910347596,0.00798486529059668
QTL AF,2 - 200,WT,20X,2,1,GW,med_neg,R,-0.0170599073032933,0.00754599282974143,Inf,-2.26079028806576,0.0237722462861646
QTL AF,2 - 200,Peri,2X,2,1,GW,med_neg,R,-0.0156221394336041,0.00754599282974123,Inf,-2.07025633155019,0.0384283465852017
QTL AF,2 - 200,WT,2X,2,1,GW,med_neg,R,-0.0149488019956926,0.00754599282974162,Inf,-1.9810252054274,0.0475884470212069
QTL AF,2 - 200,Chr,20X,8,1,GW,med_neg,R,0.0354748001723168,0.00754599282974151,Inf,4.70114416654329,2.58707775171066e-06
QTL AF,2 - 200,Peri,20X,8,1,GW,med_neg,R,0.0406183288244069,0.00754599282974137,Inf,5.38276801222446,7.33490462469108e-08
QTL AF,2 - 200,WT,20X,8,1,GW,med_neg,R,0.041983213934223,0.00754599282974154,Inf,5.56364349681751,2.64199417030006e-08
QTL AF,2 - 200,Chr,2X,8,1,GW,med_neg,R,0.0393575813945293,0.00754599282974161,Inf,5.21569292239533,1.83131344409673e-07
QTL AF,2 - 200,Peri,2X,8,1,GW,med_neg,R,0.0410711315980806,0.00754599282974074,Inf,5.4427737376331,5.24572603443688e-08
QTL AF,2 - 200,WT,2X,8,1,GW,med_neg,R,0.0396840044848305,0.00754599282974214,Inf,5.25895072791722,1.44879699379942e-07
QTL AF,2 - 200,Chr,20X,2,2,GW,med_neg,R,-0.111019489962615,0.00754599282974157,Inf,-14.7123768160825,5.36880621796862e-49
QTL AF,2 - 200,Peri,20X,2,2,GW,med_neg,R,-0.122705626100402,0.0075459928297415,Inf,-16.2610313671085,1.86570743243706e-59
QTL AF,2 - 200,WT,20X,2,2,GW,med_neg,R,-0.135568041120416,0.00754599282974187,Inf,-17.9655671797204,3.62553434939287e-72
QTL AF,2 - 200,Chr,2X,2,2,GW,med_neg,R,-0.137040129813545,0.00754599282974151,Inf,-18.1606493546376,1.0576626281031e-73
QTL AF,2 - 200,Peri,2X,2,2,GW,med_neg,R,-0.130148236404878,0.00754599282974123,Inf,-17.2473310459455,1.17189182466223e-66
QTL AF,2 - 200,WT,2X,2,2,GW,med_neg,R,-0.144499140086438,0.00754599282974197,Inf,-19.1491223682198,9.84316091861176e-82
QTL AF,2 - 200,Chr,20X,8,2,GW,med_neg,R,-0.104283712738381,0.00754599282974198,Inf,-13.8197471282181,1.9374925006776e-43
QTL AF,2 - 200,Peri,20X,8,2,GW,med_neg,R,-0.110259244075816,0.00754599282974158,Inf,-14.6116285243797,2.3678944196833e-48
QTL AF,2 - 200,WT,20X,8,2,GW,med_neg,R,-0.106320844498785,0.00754599282974182,Inf,-14.089709187071,4.39367186421994e-45
QTL AF,2 - 200,Chr,2X,8,2,GW,med_neg,R,-0.107925423958561,0.0075459928297416,Inf,-14.3023491267029,2.11546278793874e-46
QTL AF,2 - 200,Peri,2X,8,2,GW,med_neg,R,-0.117627928544979,0.00754599282974113,Inf,-15.5881315022418,8.76602260358646e-55
QTL AF,2 - 200,WT,2X,8,2,GW,med_neg,R,-0.113310201916996,0.00754599282974101,Inf,-15.0159434912802,5.77344817550917e-51
QTL AF,2 - 200,Chr,20X,2,3,GW,med_neg,R,-0.146123514782572,0.00754599282974126,Inf,-19.3643855857709,1.54183298938385e-83
QTL AF,2 - 200,Peri,20X,2,3,GW,med_neg,R,-0.148013075904257,0.00754599282974124,Inf,-19.614791485209,1.15610039961835e-85
QTL AF,2 - 200,WT,20X,2,3,GW,med_neg,R,-0.168469549067839,0.00754599282974142,Inf,-22.3256969452504,2.08019612199057e-110
QTL AF,2 - 200,Chr,2X,2,3,GW,med_neg,R,-0.160654027011058,0.00754599282974119,Inf,-21.289978752414,1.40591683450507e-100
QTL AF,2 - 200,Peri,2X,2,3,GW,med_neg,R,-0.155352798541056,0.00754599282974062,Inf,-20.5874564217412,3.55551118607026e-94
QTL AF,2 - 200,WT,2X,2,3,GW,med_neg,R,-0.161079855736587,0.00754599282974179,Inf,-21.3464098589793,4.21070408400801e-101
QTL AF,2 - 200,Chr,20X,8,3,GW,med_neg,R,-0.149316239566924,0.00754599282974137,Inf,-19.7874876024818,3.81595609597166e-87
QTL AF,2 - 200,Peri,20X,8,3,GW,med_neg,R,-0.161041177541863,0.00754599282974159,Inf,-21.3412841988318,4.69862674796701e-101
QTL AF,2 - 200,WT,20X,8,3,GW,med_neg,R,-0.163893519079111,0.00754599282974141,Inf,-21.719278400736,1.34880925733507e-104
QTL AF,2 - 200,Chr,2X,8,3,GW,med_neg,R,-0.146498622953474,0.00754599282974168,Inf,-19.414095170627,5.86601573427286e-84
QTL AF,2 - 200,Peri,2X,8,3,GW,med_neg,R,-0.152832279305579,0.00754599282974067,Inf,-20.2534355324628,3.31308274006172e-91
QTL AF,2 - 200,WT,2X,8,3,GW,med_neg,R,-0.1657046611758,0.00754599282974069,Inf,-21.9592921587091,7.05900438075847e-107
QTL AF,2 - 200,Chr,20X,2,4,GW,med_neg,R,-0.149597425735536,0.00754599282974129,Inf,-19.8247505809869,1.82081525403113e-87
QTL AF,2 - 200,Peri,20X,2,4,GW,med_neg,R,-0.150856378787472,0.0075459928297412,Inf,-19.9915878786551,6.51880284902897e-89
QTL AF,2 - 200,WT,20X,2,4,GW,med_neg,R,-0.164789271799541,0.00754599282974152,Inf,-21.837984148361,1.01119290488188e-105
QTL AF,2 - 200,Chr,2X,2,4,GW,med_neg,R,-0.140240326056056,0.00754599282974138,Inf,-18.5847414939649,4.27052650107048e-77
QTL AF,2 - 200,Peri,2X,2,4,GW,med_neg,R,-0.148239799552628,0.00754599282974165,Inf,-19.6448370542254,6.40017929600062e-86
QTL AF,2 - 200,WT,2X,2,4,GW,med_neg,R,-0.154779377767342,0.00754599282974124,Inf,-20.5114663185613,1.70088728856488e-93
QTL AF,2 - 200,Chr,20X,8,4,GW,med_neg,R,-0.0888108379658294,0.00754599282974143,Inf,-11.7692714490523,5.62078239180008e-32
QTL AF,2 - 200,Peri,20X,8,4,GW,med_neg,R,-0.089108517622088,0.0075459928297417,Inf,-11.8087201555343,3.51876652282899e-32
QTL AF,2 - 200,WT,20X,8,4,GW,med_neg,R,-0.0879939830260658,0.0075459928297418,Inf,-11.661021287914,2.01609508292801e-31
QTL AF,2 - 200,Chr,2X,8,4,GW,med_neg,R,-0.0878122974036076,0.0075459928297415,Inf,-11.6369441881136,2.67426271175074e-31
QTL AF,2 - 200,Peri,2X,8,4,GW,med_neg,R,-0.0853079095399058,0.00754599282974173,Inf,-11.305061038976,1.23867999353454e-29
QTL AF,2 - 200,WT,2X,8,4,GW,med_neg,R,-0.0878980572731712,0.00754599282974168,Inf,-11.648309143196,2.34056777672401e-31
QTL AF,2 - 200,Chr,20X,2,5,GW,med_neg,R,-0.158631253450416,0.0075459928297414,Inf,-21.0219194517644,4.13374253286957e-98
QTL AF,2 - 200,Peri,20X,2,5,GW,med_neg,R,-0.158497516049174,0.00754599282974152,Inf,-21.0041964822014,6.0040642473712e-98
QTL AF,2 - 200,WT,20X,2,5,GW,med_neg,R,-0.183985480800748,0.00754599282974147,Inf,-24.3818785615056,2.66269674597702e-131
QTL AF,2 - 200,Chr,2X,2,5,GW,med_neg,R,-0.182241487246381,0.00754599282974134,Inf,-24.150763373125,7.33000857899964e-129
QTL AF,2 - 200,Peri,2X,2,5,GW,med_neg,R,-0.169346240213214,0.00754599282974122,Inf,-22.4418766402434,1.53623697343599e-111
QTL AF,2 - 200,WT,2X,2,5,GW,med_neg,R,-0.172157418233275,0.00754599282974125,Inf,-22.8144158254095,3.29829249291954e-115
QTL AF,2 - 200,Chr,20X,8,5,GW,med_neg,R,-0.171260749641538,0.00754599282974156,Inf,-22.695588705907,4.95270178965946e-114
QTL AF,2 - 200,Peri,20X,8,5,GW,med_neg,R,-0.168137918104195,0.00754599282974175,Inf,-22.2817489888801,5.55460776370609e-110
QTL AF,2 - 200,WT,20X,8,5,GW,med_neg,R,-0.187201502149474,0.00754599282974166,Inf,-24.8080678544565,7.33662360018973e-136
QTL AF,2 - 200,Chr,2X,8,5,GW,med_neg,R,-0.186047121897354,0.0075459928297412,Inf,-24.6550886139306,3.24557375448968e-134
QTL AF,2 - 200,Peri,2X,8,5,GW,med_neg,R,-0.193954112518755,0.00754599282974305,Inf,-25.7029282819182,1.08401644731291e-145
QTL AF,2 - 200,WT,2X,8,5,GW,med_neg,R,-0.184300637504755,0.00754599282974157,Inf,-24.4236433380055,9.59308841058657e-132
QTL AF,2 - 200,Chr,20X,2,1,CV,small_neg,R,0.0161711420813642,0.00754599282974097,Inf,2.14301052839978,0.0321122529739819
QTL AF,2 - 200,Peri,20X,2,1,CV,small_neg,R,0.0168132749055185,0.00754599282974155,Inf,2.22810639830602,0.0258734207288295
QTL AF,2 - 200,WT,20X,2,1,CV,small_neg,R,0.0186325082800416,0.00754599282974151,Inf,2.46919241780937,0.0135418379955575
QTL AF,2 - 200,Chr,2X,2,1,CV,small_neg,R,0.015908118740778,0.00754599282974107,Inf,2.10815449997239,0.0350176275278536
QTL AF,2 - 200,WT,2X,2,1,CV,small_neg,R,0.0172618582307298,0.00754599282974135,Inf,2.28755295959133,0.0221635679748098
QTL AF,2 - 200,Chr,20X,8,1,CV,small_neg,R,-0.0274696827574603,0.00754599282974139,Inf,-3.6403006704688,0.000272319856323289
QTL AF,2 - 200,Peri,20X,8,1,CV,small_neg,R,-0.0226689248628177,0.0075459928297413,Inf,-3.00410103405768,0.00266366853830965
QTL AF,2 - 200,WT,20X,8,1,CV,small_neg,R,-0.0215499286204019,0.0075459928297414,Inf,-2.8558109060833,0.00429270711412221
QTL AF,2 - 200,Chr,2X,8,1,CV,small_neg,R,-0.0195076213458804,0.00754599282974146,Inf,-2.5851629846498,0.00973329750815804
QTL AF,2 - 200,Peri,2X,8,1,CV,small_neg,R,-0.0253406973506422,0.00754599282974134,Inf,-3.35816610516323,0.00078461448759417
QTL AF,2 - 200,WT,2X,8,1,CV,small_neg,R,-0.0179763477554305,0.00754599282974143,Inf,-2.38223758768751,0.0172077912857818
QTL AF,2 - 200,Chr,20X,2,2,CV,small_neg,R,-0.0747658848724821,0.00754599282974148,Inf,-9.90802490267454,3.8416530356009e-23
QTL AF,2 - 200,Peri,20X,2,2,CV,small_neg,R,-0.100619414553464,0.00754599282974136,Inf,-13.3341518901116,1.46511415358931e-40
QTL AF,2 - 200,WT,20X,2,2,CV,small_neg,R,-0.077306419304388,0.00754599282974144,Inf,-10.2446982191258,1.25014396160285e-24
QTL AF,2 - 200,Chr,2X,2,2,CV,small_neg,R,-0.0930640471687311,0.00754599282974161,Inf,-12.3329095678345,6.02318719850092e-35
QTL AF,2 - 200,Peri,2X,2,2,CV,small_neg,R,-0.0692240208444525,0.00754599282974135,Inf,-9.17361338744147,4.5742330775471e-20
QTL AF,2 - 200,WT,2X,2,2,CV,small_neg,R,-0.0728604284701697,0.00754599282974152,Inf,-9.65551255005175,4.65823947729252e-22
QTL AF,2 - 200,Chr,20X,8,2,CV,small_neg,R,-0.233699185786132,0.00754599282974152,Inf,-30.9699718856129,1.36812459624528e-210
QTL AF,2 - 200,Peri,20X,8,2,CV,small_neg,R,-0.208318044584783,0.00754599282974145,Inf,-27.6064461343943,9.31115388425432e-168
QTL AF,2 - 200,WT,20X,8,2,CV,small_neg,R,-0.231053244110011,0.00754599282974133,Inf,-30.6193299308941,6.76904356217133e-206
QTL AF,2 - 200,Chr,2X,8,2,CV,small_neg,R,-0.205552213711033,0.0075459928297415,Inf,-27.2399163832859,2.1880920084502e-163
QTL AF,2 - 200,Peri,2X,8,2,CV,small_neg,R,-0.218429222376505,0.00754599282974203,Inf,-28.9463861555209,3.11613898611066e-184
QTL AF,2 - 200,WT,2X,8,2,CV,small_neg,R,-0.203051458798473,0.0075459928297416,Inf,-26.9085146752552,1.7460189362614e-159
QTL AF,2 - 200,Chr,20X,2,3,CV,small_neg,R,-0.11440760612296,0.00754599282974108,Inf,-15.1613722281903,6.37239041431223e-52
QTL AF,2 - 200,Peri,20X,2,3,CV,small_neg,R,-0.10917850142777,0.00754599282974136,Inf,-14.4684077882316,1.91862209443851e-47
QTL AF,2 - 200,WT,20X,2,3,CV,small_neg,R,-0.100798118990621,0.00754599282974145,Inf,-13.3578339212489,1.06621805592246e-40
QTL AF,2 - 200,Chr,2X,2,3,CV,small_neg,R,-0.106676173433956,0.0075459928297414,Inf,-14.136797614425,2.25306295595452e-45
QTL AF,2 - 200,Peri,2X,2,3,CV,small_neg,R,-0.0934075581967018,0.0075459928297414,Inf,-12.378431878248,3.41958878608931e-35
QTL AF,2 - 200,WT,2X,2,3,CV,small_neg,R,-0.114053987431727,0.00754599282974159,Inf,-15.1145104435028,1.29933126676046e-51
QTL AF,2 - 200,Chr,20X,8,3,CV,small_neg,R,-0.257662434760461,0.0075459928297414,Inf,-34.1455976137326,1.55426013937674e-255
QTL AF,2 - 200,Peri,20X,8,3,CV,small_neg,R,-0.276703331202388,0.00754599282974135,Inf,-36.6689099029892,2.28662667414328e-294
QTL AF,2 - 200,WT,20X,8,3,CV,small_neg,R,-0.275958650739313,0.0075459928297412,Inf,-36.5702243516149,8.50798918863489e-293
QTL AF,2 - 200,Chr,2X,8,3,CV,small_neg,R,-0.24996081767196,0.00754599282974149,Inf,-33.1249741832213,1.2988468740055e-240
QTL AF,2 - 200,Peri,2X,8,3,CV,small_neg,R,-0.294473264618076,0.00754599282974169,Inf,-39.0237933247753,0
QTL AF,2 - 200,WT,2X,8,3,CV,small_neg,R,-0.271955459631101,0.00754599282974168,Inf,-36.0397187974019,1.99834532519474e-284
QTL AF,2 - 200,Chr,20X,2,4,CV,small_neg,R,-0.11966132371757,0.00754599282974153,Inf,-15.8575983859858,1.24567038958663e-56
QTL AF,2 - 200,Peri,20X,2,4,CV,small_neg,R,-0.117699323209493,0.00754599282974138,Inf,-15.5975927707749,7.55910689009379e-55
QTL AF,2 - 200,WT,20X,2,4,CV,small_neg,R,-0.109646041515503,0.00754599282974142,Inf,-14.5303665123228,7.78030351760084e-48
QTL AF,2 - 200,Chr,2X,2,4,CV,small_neg,R,-0.133136516335239,0.00754599282974144,Inf,-17.6433398943212,1.14489544305252e-69
QTL AF,2 - 200,Peri,2X,2,4,CV,small_neg,R,-0.118182603122169,0.00754599282974143,Inf,-15.6616373469598,2.76681325368581e-55
QTL AF,2 - 200,WT,2X,2,4,CV,small_neg,R,-0.124941424236748,0.00754599282974147,Inf,-16.5573208265332,1.41767678959172e-61
QTL AF,2 - 200,Chr,20X,8,4,CV,small_neg,R,-0.264208387301703,0.00754599282974146,Inf,-35.0130716080676,1.4231693588141e-268
QTL AF,2 - 200,Peri,20X,8,4,CV,small_neg,R,-0.273415064490828,0.00754599282974134,Inf,-36.2331466063955,1.83114091341107e-287
QTL AF,2 - 200,WT,20X,8,4,CV,small_neg,R,-0.269112634471159,0.00754599282974144,Inf,-35.6629857121637,1.48244313398998e-278
QTL AF,2 - 200,Chr,2X,8,4,CV,small_neg,R,-0.27262286535043,0.00754599282974149,Inf,-36.1281638482248,8.19559094605534e-286
QTL AF,2 - 200,Peri,2X,8,4,CV,small_neg,R,-0.261193406794813,0.00754599282974134,Inf,-34.6135243814917,1.58152654902279e-262
QTL AF,2 - 200,WT,2X,8,4,CV,small_neg,R,-0.257413121977768,0.00754599282974151,Inf,-34.1125585175762,4.80453343421145e-255
QTL AF,2 - 200,Chr,20X,2,5,CV,small_neg,R,-0.118344841862217,0.00754599282974146,Inf,-15.6831373329401,1.972652750026e-55
QTL AF,2 - 200,Peri,20X,2,5,CV,small_neg,R,-0.132669042816327,0.00754599282974143,Inf,-17.5813899919745,3.42086244645012e-69
QTL AF,2 - 200,WT,20X,2,5,CV,small_neg,R,-0.131432234925767,0.00754599282974145,Inf,-17.4174873858541,6.07886040207903e-68
QTL AF,2 - 200,Chr,2X,2,5,CV,small_neg,R,-0.111096168301981,0.00754599282974137,Inf,-14.72253828073,4.61988794305409e-49
QTL AF,2 - 200,Peri,2X,2,5,CV,small_neg,R,-0.118280994293337,0.00754599282974129,Inf,-15.6746762105513,2.25370539965869e-55
QTL AF,2 - 200,WT,2X,2,5,CV,small_neg,R,-0.125888477241447,0.00754599282974142,Inf,-16.682824922027,1.74755849499363e-62
QTL AF,2 - 200,Chr,20X,8,5,CV,small_neg,R,-0.286094284224908,0.00754599282974144,Inf,-37.913405257597,0
QTL AF,2 - 200,Peri,20X,8,5,CV,small_neg,R,-0.299387003262305,0.00754599282974126,Inf,-39.6749652454376,0
QTL AF,2 - 200,WT,20X,8,5,CV,small_neg,R,-0.289663410910525,0.00754599282974142,Inf,-38.3863883051756,0
QTL AF,2 - 200,Chr,2X,8,5,CV,small_neg,R,-0.287138392085272,0.00754599282974131,Inf,-38.0517711272615,0
QTL AF,2 - 200,Peri,2X,8,5,CV,small_neg,R,-0.312072324401419,0.00754599282974076,Inf,-41.3560324589044,0
QTL AF,2 - 200,WT,2X,8,5,CV,small_neg,R,-0.286890964950937,0.00754599282974135,Inf,-38.0189819184827,0
QTL AF,2 - 200,Chr,20X,2,1,GW,small_neg,R,-0.0492154409040933,0.00754599282974068,Inf,-6.52206303590996,6.93468571344423e-11
QTL AF,2 - 200,Peri,20X,2,1,GW,small_neg,R,-0.0437277455411546,0.00754599282974128,Inf,-5.79482998828318,6.839042615676e-09
QTL AF,2 - 200,WT,20X,2,1,GW,small_neg,R,-0.0405615724983793,0.00754599282974139,Inf,-5.37524662606515,7.64779278606159e-08
QTL AF,2 - 200,Chr,2X,2,1,GW,small_neg,R,-0.037936739911974,0.00754599282974126,Inf,-5.02740206198616,4.9716925540119e-07
QTL AF,2 - 200,Peri,2X,2,1,GW,small_neg,R,-0.0394990002739041,0.00754599282974124,Inf,-5.234433846561,1.65491328129187e-07
QTL AF,2 - 200,WT,2X,2,1,GW,small_neg,R,-0.0437862281794599,0.00754599282974141,Inf,-5.80258014649617,6.53021626039698e-09
QTL AF,2 - 200,Chr,20X,8,1,GW,small_neg,R,-0.0326089612196457,0.0075459928297413,Inf,-4.32136127815055,1.55069531079028e-05
QTL AF,2 - 200,Peri,20X,8,1,GW,small_neg,R,-0.0240501015540709,0.00754599282974146,Inf,-3.18713548988289,0.00143689446920328
QTL AF,2 - 200,WT,20X,8,1,GW,small_neg,R,-0.0279087203450188,0.00754599282974167,Inf,-3.69848222423692,0.000216892536249371
QTL AF,2 - 200,Chr,2X,8,1,GW,small_neg,R,-0.0276591575771098,0.00754599282974144,Inf,-3.66540999987374,0.000246942645226128
QTL AF,2 - 200,Peri,2X,8,1,GW,small_neg,R,-0.0241214045415085,0.0075459928297413,Inf,-3.19658460930919,0.00139065034673603
QTL AF,2 - 200,WT,2X,8,1,GW,small_neg,R,-0.0255828804931155,0.0075459928297416,Inf,-3.39026037664438,0.000698262688258386
QTL AF,2 - 200,Chr,20X,2,2,GW,small_neg,R,-0.047893726823579,0.00754599282974145,Inf,-6.34690860489726,2.19684550102048e-10
QTL AF,2 - 200,Peri,20X,2,2,GW,small_neg,R,-0.0560399010806566,0.00754599282974152,Inf,-7.42644504773221,1.11555210909481e-13
QTL AF,2 - 200,WT,20X,2,2,GW,small_neg,R,-0.052482779204824,0.00754599282974139,Inf,-6.95505288554888,3.52429802190909e-12
QTL AF,2 - 200,Chr,2X,2,2,GW,small_neg,R,-0.060439728405995,0.00754599282974166,Inf,-8.00951309783635,1.15163473806611e-15
QTL AF,2 - 200,Peri,2X,2,2,GW,small_neg,R,-0.0609114413346237,0.00754599282974159,Inf,-8.07202480958488,6.91418212082173e-16
QTL AF,2 - 200,WT,2X,2,2,GW,small_neg,R,-0.0608836232176922,0.00754599282974142,Inf,-8.06833833418558,7.12613457383245e-16
QTL AF,2 - 200,Chr,20X,8,2,GW,small_neg,R,-0.159883548864357,0.00754599282974143,Inf,-21.1878744748073,1.23550049426287e-99
QTL AF,2 - 200,Peri,20X,8,2,GW,small_neg,R,-0.166824657512417,0.00754599282974153,Inf,-22.1077148198312,2.66421407742476e-108
QTL AF,2 - 200,WT,20X,8,2,GW,small_neg,R,-0.162218477450603,0.00754599282974145,Inf,-21.4973007675335,1.65010399679844e-102
QTL AF,2 - 200,Chr,2X,8,2,GW,small_neg,R,-0.168812414394478,0.00754599282974183,Inf,-22.3711336868913,7.5201271890269e-111
QTL AF,2 - 200,Peri,2X,8,2,GW,small_neg,R,-0.165061644372197,0.00754599282974124,Inf,-21.8740791432553,4.58677803357654e-106
QTL AF,2 - 200,WT,2X,8,2,GW,small_neg,R,-0.162541929062353,0.0075459928297396,Inf,-21.5401647907427,6.54735084989195e-103
QTL AF,2 - 200,Chr,20X,2,3,GW,small_neg,R,-0.072094588786928,0.00754599282974126,Inf,-9.5540229647157,1.24755481446986e-21
QTL AF,2 - 200,Peri,20X,2,3,GW,small_neg,R,-0.0558935961128546,0.00754599282974121,Inf,-7.40705661587164,1.29133343704867e-13
QTL AF,2 - 200,WT,20X,2,3,GW,small_neg,R,-0.0564404369535562,0.00754599282974142,Inf,-7.4795243286085,7.45921026967683e-14
QTL AF,2 - 200,Chr,2X,2,3,GW,small_neg,R,-0.0475791779156198,0.00754599282974114,Inf,-6.30522437393463,2.87776695963924e-10
QTL AF,2 - 200,Peri,2X,2,3,GW,small_neg,R,-0.0435485080808735,0.00754599282974099,Inf,-5.77107732056621,7.8766319631449e-09
QTL AF,2 - 200,WT,2X,2,3,GW,small_neg,R,-0.0514390269435469,0.00754599282974139,Inf,-6.81673414011311,9.31333843947246e-12
QTL AF,2 - 200,Chr,20X,8,3,GW,small_neg,R,-0.184894205351878,0.0075459928297413,Inf,-24.5023033447829,1.39595729919706e-132
QTL AF,2 - 200,Peri,20X,8,3,GW,small_neg,R,-0.193068339985501,0.00754599282974111,Inf,-25.5855451153569,2.20969224980068e-144
QTL AF,2 - 200,WT,20X,8,3,GW,small_neg,R,-0.1843615938182,0.00754599282974135,Inf,-24.4317213092978,7.87259054513976e-132
QTL AF,2 - 200,Chr,2X,8,3,GW,small_neg,R,-0.193320008681658,0.00754599282974121,Inf,-25.6188964187351,9.39588836579187e-145
QTL AF,2 - 200,Peri,2X,8,3,GW,small_neg,R,-0.179705072691704,0.00754599282974261,Inf,-23.8146360255465,2.35571636297594e-125
QTL AF,2 - 200,WT,2X,8,3,GW,small_neg,R,-0.178235846652838,0.00754599282974209,Inf,-23.6199332114831,2.40530610730725e-123
QTL AF,2 - 200,Chr,20X,2,4,GW,small_neg,R,-0.0484038824120014,0.00754599282974134,Inf,-6.41451476354776,1.41272100642004e-10
QTL AF,2 - 200,Peri,20X,2,4,GW,small_neg,R,-0.0869993015411874,0.00754599282974124,Inf,-11.5292054344783,9.40073114887455e-31
QTL AF,2 - 200,WT,20X,2,4,GW,small_neg,R,-0.0661092326523148,0.00754599282974142,Inf,-8.76083957988338,1.9380144353761e-18
QTL AF,2 - 200,Chr,2X,2,4,GW,small_neg,R,-0.0754981394140899,0.00754599282974142,Inf,-10.0050637626536,1.44798382270006e-23
QTL AF,2 - 200,Peri,2X,2,4,GW,small_neg,R,-0.0669257786553297,0.0075459928297415,Inf,-8.86904880051712,7.37733442810192e-19
QTL AF,2 - 200,WT,2X,2,4,GW,small_neg,R,-0.0721046587310554,0.00754599282974189,Inf,-9.55535744042334,1.23158039990217e-21
QTL AF,2 - 200,Chr,20X,8,4,GW,small_neg,R,-0.214405148093434,0.00754599282974148,Inf,-28.4131131490591,1.39261747358401e-177
QTL AF,2 - 200,Peri,20X,8,4,GW,small_neg,R,-0.214731822641657,0.00754599282974127,Inf,-28.4564042779537,4.06038830148823e-178
QTL AF,2 - 200,WT,20X,8,4,GW,small_neg,R,-0.207298524037784,0.00754599282974174,Inf,-27.4713385918867,3.86378830216675e-166
QTL AF,2 - 200,Chr,2X,8,4,GW,small_neg,R,-0.217455748794507,0.0075459928297416,Inf,-28.8173807875131,1.29926480030421e-182
QTL AF,2 - 200,Peri,2X,8,4,GW,small_neg,R,-0.201693435113928,0.00754599282974234,Inf,-26.7285484713103,2.19304162299125e-157
QTL AF,2 - 200,WT,2X,8,4,GW,small_neg,R,-0.21574218921448,0.00754599282974555,Inf,-28.5902987296842,8.86975824647938e-180
QTL AF,2 - 200,Chr,20X,2,5,GW,small_neg,R,-0.0634125907232175,0.00754599282974148,Inf,-8.40347879384216,4.3344311325359e-17
QTL AF,2 - 200,Peri,20X,2,5,GW,small_neg,R,-0.0441668790298948,0.0075459928297414,Inf,-5.85302425093988,4.82713706476033e-09
QTL AF,2 - 200,WT,20X,2,5,GW,small_neg,R,-0.0480633043434075,0.00754599282974145,Inf,-6.36938113086629,1.89792446479268e-10
QTL AF,2 - 200,Chr,2X,2,5,GW,small_neg,R,-0.045599916740567,0.00754599282974147,Inf,-6.04293136362936,1.51339046515302e-09
QTL AF,2 - 200,Peri,2X,2,5,GW,small_neg,R,-0.0465826217215086,0.00754599282974134,Inf,-6.17316008278069,6.69383740475266e-10
QTL AF,2 - 200,WT,2X,2,5,GW,small_neg,R,-0.0603967523054227,0.00754599282974136,Inf,-8.00381787634072,1.20619750393093e-15
QTL AF,2 - 200,Chr,20X,8,5,GW,small_neg,R,-0.169487916717456,0.00754599282974152,Inf,-22.460651705027,1.00700339991343e-111
QTL AF,2 - 200,Peri,20X,8,5,GW,small_neg,R,-0.190725296178258,0.00754599282974192,Inf,-25.2750433881318,6.00997659456011e-141
QTL AF,2 - 200,WT,20X,8,5,GW,small_neg,R,-0.203056977627492,0.00754599282974111,Inf,-26.9092460341575,1.71194670870145e-159
QTL AF,2 - 200,Chr,2X,8,5,GW,small_neg,R,-0.189480211653322,0.00754599282974147,Inf,-25.1100439569081,3.86335170441918e-139
QTL AF,2 - 200,Peri,2X,8,5,GW,small_neg,R,-0.187628936816864,0.00754599282974021,Inf,-24.8647117815143,1.79279299329059e-136
QTL AF,2 - 200,WT,2X,8,5,GW,small_neg,R,-0.177451840185887,0.00754599282974096,Inf,-23.5160361518629,2.795830120534e-122
