response,contrast,Recombination,Map_type,QTL,H2,Repulsion,Allele,QTL_type,estimate,SE,df,z.ratio,p.value
QTL fixation,CV - GW,20X,Chr,2,2,1,negative_QTL,DV,0.0188095238226558,0.00541011292048559,Inf,3.476734053264,0.000507561002633712
QTL fixation,CV - GW,2X,Chr,2,2,1,negative_QTL,DV,0.0242857142798233,0.00541011292048821,Inf,4.48894776074872,7.15758453760656e-06
QTL fixation,CV - GW,20X,Peri,2,2,1,negative_QTL,DV,0.0207142857151511,0.00541011292048619,Inf,3.82880838525817,0.000128765209841066
QTL fixation,CV - GW,2X,Peri,2,2,1,negative_QTL,DV,0.0161904761902001,0.00541011292048697,Inf,2.99263184117473,0.00276583174838801
QTL fixation,CV - GW,20X,WT,2,2,1,negative_QTL,DV,0.0207142857150063,0.00541011292048831,Inf,3.82880838522991,0.000128765209855849
QTL fixation,CV - GW,2X,WT,2,2,1,negative_QTL,DV,0.0188095238089965,0.00541011292048747,Inf,3.47673405073802,0.000507561007415194
QTL fixation,CV - GW,20X,Chr,2,2,2,negative_QTL,DV,-0.0378571428541896,0.00541011292048754,Inf,-6.99747739290773,2.6061209694307e-12
QTL fixation,CV - GW,2X,Chr,2,2,2,negative_QTL,DV,-0.0242857142866043,0.00541011292048729,Inf,-4.48894776200289,7.15758449547222e-06
QTL fixation,CV - GW,20X,Peri,2,2,2,negative_QTL,DV,-0.0195238095246195,0.00541011292048728,Inf,-3.60876192633352,0.000307661786381229
QTL fixation,CV - GW,2X,Peri,2,2,2,negative_QTL,DV,-0.0216666666665657,0.00541011292048734,Inf,-4.00484555220966,6.20580141638183e-05
QTL fixation,CV - GW,20X,WT,2,2,2,negative_QTL,DV,-0.0219047619055401,0.00541011292048729,Inf,-4.04885484415492,5.14688530764711e-05
QTL fixation,CV - GW,2X,WT,2,2,2,negative_QTL,DV,-0.0164285714284793,0.00541011292048726,Inf,-3.03664113299131,0.00239230086075186
QTL fixation,CV - GW,20X,Chr,2,8,2,negative_QTL,DV,-0.0178571428581506,0.00541011292048726,Inf,-3.30069688389097,0.000964450182407432
QTL fixation,CV - GW,2X,Peri,2,8,2,negative_QTL,DV,-0.0145238095237647,0.00541011292048735,Inf,-2.68456679873816,0.00726238692507368
QTL fixation,CV - GW,20X,WT,2,8,2,negative_QTL,DV,-0.0126190476189476,0.00541011292048728,Inf,-2.33249246446616,0.0196747988818229
QTL fixation,CV - GW,20X,Chr,200,8,2,negative_QTL,DV,-0.0129559078188697,0.00541011292048726,Inf,-2.39475737554528,0.0166313664417024
QTL fixation,CV - GW,20X,Peri,200,8,2,negative_QTL,DV,-0.0120699409102072,0.00541011292048733,Inf,-2.23099611553394,0.0256813863222966
QTL fixation,CV - GW,20X,Chr,2,2,3,negative_QTL,DV,-0.0419047619012775,0.00541011292048776,Inf,-7.7456353531156,9.5105081400739e-15
QTL fixation,CV - GW,2X,Chr,2,2,3,negative_QTL,DV,-0.0300000000010364,0.0054101129204874,Inf,-5.54517076481533,2.93667422262998e-08
QTL fixation,CV - GW,20X,Peri,2,2,3,negative_QTL,DV,-0.0361904761907153,0.00541011292048731,Inf,-6.689412351019,2.24068539168471e-11
QTL fixation,CV - GW,2X,Peri,2,2,3,negative_QTL,DV,-0.0285714285714944,0.00541011292048729,Inf,-5.28111501393968,1.28400051164941e-07
QTL fixation,CV - GW,20X,WT,2,2,3,negative_QTL,DV,-0.0147619047623488,0.00541011292048732,Inf,-2.72857609061128,0.00636084135207782
QTL fixation,CV - GW,2X,WT,2,2,3,negative_QTL,DV,-0.0361904761905542,0.00541011292048738,Inf,-6.68941235098914,2.24068539214196e-11
QTL fixation,CV - GW,2X,WT,200,2,3,negative_QTL,DV,0.0106844113194968,0.00541011292048731,Inf,1.97489617620299,0.0482799314343674
QTL fixation,CV - GW,20X,Chr,2,8,3,negative_QTL,DV,-0.0264285714301306,0.00541011292048735,Inf,-4.88503138817108,1.03412378291435e-06
QTL fixation,CV - GW,2X,Chr,2,8,3,negative_QTL,DV,-0.0133333333329623,0.0054101129204873,Inf,-2.46452033976425,0.0137196776461663
QTL fixation,CV - GW,2X,Peri,2,8,3,negative_QTL,DV,-0.0323809523809246,0.00541011292048729,Inf,-5.98526368244602,2.16039581284519e-09
QTL fixation,CV - GW,20X,WT,2,8,3,negative_QTL,DV,-0.0185714285712892,0.00541011292048731,Inf,-3.4327247590271,0.000597548376126961
QTL fixation,CV - GW,2X,WT,2,8,3,negative_QTL,DV,-0.0316666666666492,0.0054101129204873,Inf,-5.85323580709974,4.82099817322895e-09
QTL fixation,CV - GW,20X,Chr,200,8,3,negative_QTL,DV,-0.023500993660086,0.00541011292048743,Inf,-4.34390076611722,1.39974763368714e-05
QTL fixation,CV - GW,2X,Chr,200,8,3,negative_QTL,DV,-0.0108353460560038,0.0054101129204874,Inf,-2.00279480581111,0.0451993176247131
QTL fixation,CV - GW,20X,Peri,200,8,3,negative_QTL,DV,-0.0192170218447087,0.0054101129204874,Inf,-3.55205559054717,0.000382234096850715
QTL fixation,CV - GW,2X,Chr,2,2,4,negative_QTL,DV,-0.0173809523803549,0.00541011292048723,Inf,-3.21267830002883,0.00131503495211342
QTL fixation,CV - GW,20X,Peri,2,2,4,negative_QTL,DV,-0.0121428571430342,0.00541011292048723,Inf,-2.24447388095194,0.0248019276107534
QTL fixation,CV - GW,2X,Peri,2,2,4,negative_QTL,DV,-0.0280952380950159,0.00541011292048734,Inf,-5.19309643032092,2.06824987953999e-07
QTL fixation,CV - GW,20X,WT,2,2,4,negative_QTL,DV,-0.0152380952378443,0.0054101129204873,Inf,-2.81659467404828,0.00485357357483812
QTL fixation,CV - GW,2X,WT,2,2,4,negative_QTL,DV,-0.0145238095236424,0.00541011292048732,Inf,-2.68456679871558,0.00726238692556434
QTL fixation,CV - GW,2X,Chr,200,2,4,negative_QTL,DV,0.0115729888438203,0.00541011292048732,Inf,2.139139979869,0.0324243333524512
QTL fixation,CV - GW,20X,Peri,200,2,4,negative_QTL,DV,0.0147043854255156,0.00541011292048727,Inf,2.71794427244436,0.00656889008715531
QTL fixation,CV - GW,2X,Peri,200,2,4,negative_QTL,DV,0.0156150182064624,0.00541011292048729,Inf,2.8862647482515,0.00389844070456458
QTL fixation,CV - GW,20X,WT,200,2,4,negative_QTL,DV,0.0108915616199966,0.00541011292048732,Inf,2.0131856358768,0.0440951037935858
QTL fixation,CV - GW,20X,Chr,2,8,4,negative_QTL,DV,-0.0176190476183576,0.00541011292048725,Inf,-3.25668759179444,0.00112720419582685
QTL fixation,CV - GW,2X,Peri,2,8,4,negative_QTL,DV,-0.0197619047619282,0.0054101129204873,Inf,-3.65277121797085,0.000259425353592151
QTL fixation,CV - GW,20X,WT,2,8,4,negative_QTL,DV,-0.0119047619047335,0.00541011292048736,Inf,-2.20046458913117,0.0277739496471844
QTL fixation,CV - GW,20X,Chr,200,8,4,negative_QTL,DV,-0.0253290433011791,0.00541011292048733,Inf,-4.68179568031965,2.84372846394206e-06
QTL fixation,CV - GW,20X,Peri,200,8,4,negative_QTL,DV,-0.0163638270606953,0.00541011292048728,Inf,-3.0246738471443,0.00248901379054814
QTL fixation,CV - GW,20X,Chr,2,2,5,negative_QTL,DV,-0.0514285714254827,0.00541011292048667,Inf,-9.50600702449967,1.98121684235726e-21
QTL fixation,CV - GW,2X,Chr,2,2,5,negative_QTL,DV,-0.041904761905654,0.00541011292048741,Inf,-7.74563535392505,9.51050807948264e-15
QTL fixation,CV - GW,20X,Peri,2,2,5,negative_QTL,DV,-0.0435714285713586,0.00541011292048718,Inf,-8.05370039622666,8.03277081805963e-16
QTL fixation,CV - GW,2X,Peri,2,2,5,negative_QTL,DV,-0.0185714285715678,0.00541011292048728,Inf,-3.43272475907861,0.000597548376013449
QTL fixation,CV - GW,20X,WT,2,2,5,negative_QTL,DV,-0.0452380952383555,0.0054101129204874,Inf,-8.36176543876649,6.17865959775499e-17
QTL fixation,CV - GW,2X,WT,2,2,5,negative_QTL,DV,-0.0569047619048739,0.00541011292048735,Inf,-10.5182207360929,7.12055071846129e-26
QTL fixation,CV - GW,20X,Chr,200,2,5,negative_QTL,DV,-0.013874742107297,0.00541011292048727,Inf,-2.56459381000266,0.0103296651766986
QTL fixation,CV - GW,20X,Chr,2,8,5,negative_QTL,DV,-0.0397619047631264,0.00541011292048735,Inf,-7.34955172794149,1.98872680676888e-13
QTL fixation,CV - GW,2X,Chr,2,8,5,negative_QTL,DV,-0.0264285714282113,0.00541011292048738,Inf,-4.88503138781629,1.03412378477646e-06
QTL fixation,CV - GW,20X,Peri,2,8,5,negative_QTL,DV,-0.0271428571427658,0.00541011292048732,Inf,-5.01705926321421,5.24683868845425e-07
QTL fixation,CV - GW,2X,Peri,2,8,5,negative_QTL,DV,-0.0354761904761671,0.00541011292048732,Inf,-6.55738447562228,5.475970154073e-11
QTL fixation,CV - GW,20X,WT,2,8,5,negative_QTL,DV,-0.030476190476092,0.00541011292048742,Inf,-5.633189348171,1.76907039602053e-08
QTL fixation,CV - GW,2X,WT,2,8,5,negative_QTL,DV,-0.0276190476190197,0.00541011292048735,Inf,-5.10507784679137,3.30658366161644e-07
QTL fixation,CV - GW,20X,Chr,200,8,5,negative_QTL,DV,-0.0311109170527267,0.00541011292048731,Inf,-5.75051159004727,8.89738037732744e-09
QTL fixation,CV - GW,20X,Peri,200,8,5,negative_QTL,DV,-0.0210523821339022,0.00541011292048731,Inf,-3.89130179782013,9.97078197978456e-05
QTL fixation,CV - GW,2X,WT,200,8,5,negative_QTL,DV,-0.0135954693383681,0.00541011292048744,Inf,-2.51297330354857,0.0119718394055246
QTL fixation,CV - GW,20X,Chr,2,2,2,positive_QTL,DV,0.0852380952357446,0.0054101129204874,Inf,15.7553264577822,6.3132508562638e-56
QTL fixation,CV - GW,2X,Chr,2,2,2,positive_QTL,DV,0.0638095238096871,0.00541011292048733,Inf,11.7944901978015,4.16716476566623e-32
QTL fixation,CV - GW,20X,Peri,2,2,2,positive_QTL,DV,0.0773809523818712,0.00541011292048736,Inf,14.3030198295566,2.0951691787324e-46
QTL fixation,CV - GW,2X,Peri,2,2,2,positive_QTL,DV,0.0690476190474694,0.0054101129204874,Inf,12.7626946169635,2.64877151847328e-37
QTL fixation,CV - GW,20X,WT,2,2,2,positive_QTL,DV,0.0557142857151137,0.00541011292048736,Inf,10.2981742773115,7.18112391345808e-25
QTL fixation,CV - GW,2X,WT,2,2,2,positive_QTL,DV,0.0530952380950995,0.00541011292048731,Inf,9.81407206752294,9.79348497528192e-23
QTL fixation,CV - GW,2X,Chr,200,2,2,positive_QTL,DV,0.0117126079391657,0.00541011292048729,Inf,2.1649470373921,0.030391741443882
QTL fixation,CV - GW,20X,Chr,2,8,2,positive_QTL,DV,0.0307142857144997,0.00541011292048734,Inf,5.67719864001157,1.36918446325166e-08
QTL fixation,CV - GW,2X,Chr,2,8,2,positive_QTL,DV,0.0169047619049852,0.00541011292048733,Inf,3.12465971661503,0.0017801085405653
QTL fixation,CV - GW,20X,Peri,2,8,2,positive_QTL,DV,0.0183333333331436,0.00541011292048731,Inf,3.38871546723506,0.000702208347532855
QTL fixation,CV - GW,2X,Peri,2,8,2,positive_QTL,DV,0.0230952380952439,0.00541011292048735,Inf,4.26890130292576,1.96438158190784e-05
QTL fixation,CV - GW,20X,WT,2,8,2,positive_QTL,DV,0.020476190476046,0.00541011292048736,Inf,3.78479909328796,0.000153832800744643
QTL fixation,CV - GW,2X,WT,2,8,2,positive_QTL,DV,0.0145238095238031,0.00541011292048736,Inf,2.68456679874526,0.00726238692491942
QTL fixation,CV - GW,20X,Chr,2,2,3,positive_QTL,DV,0.104999999996122,0.00541011292048725,Inf,19.4080976754668,6.59229118109391e-84
QTL fixation,CV - GW,2X,Chr,2,2,3,positive_QTL,DV,0.0828571428580083,0.00541011292048728,Inf,15.3152335405497,6.0494207985914e-53
QTL fixation,CV - GW,20X,Peri,2,2,3,positive_QTL,DV,0.113095238096012,0.00541011292048735,Inf,20.9044135969391,4.88159995628395e-97
QTL fixation,CV - GW,2X,Peri,2,2,3,positive_QTL,DV,0.0840476190474837,0.00541011292048733,Inf,15.5352799992783,2.00195938867188e-54
QTL fixation,CV - GW,20X,WT,2,2,3,positive_QTL,DV,0.0680952380961211,0.00541011292048735,Inf,12.5866574500236,2.50038883845143e-36
QTL fixation,CV - GW,2X,WT,2,2,3,positive_QTL,DV,0.0821428571427266,0.00541011292048739,Inf,15.1832056650171,4.5689556397002e-52
QTL fixation,CV - GW,2X,Chr,200,2,3,positive_QTL,DV,0.0167778539666606,0.00541011292048736,Inf,3.10120217696846,0.00192736645693948
QTL fixation,CV - GW,20X,Peri,200,2,3,positive_QTL,DV,0.0154544823835792,0.0054101129204873,Inf,2.85659146319394,0.00428216609599836
QTL fixation,CV - GW,2X,Peri,200,2,3,positive_QTL,DV,0.014450340864029,0.00541011292048727,Inf,2.67098692326879,0.00756285930377815
QTL fixation,CV - GW,20X,WT,200,2,3,positive_QTL,DV,0.0161538157896415,0.00541011292048726,Inf,2.98585556846133,0.00282786169938895
QTL fixation,CV - GW,2X,WT,200,2,3,positive_QTL,DV,0.0181925310410534,0.00541011292048738,Inf,3.36268970877866,0.000771870701607479
QTL fixation,CV - GW,20X,Chr,2,8,3,positive_QTL,DV,0.0435714285722345,0.00541011292048735,Inf,8.05370039638831,8.03277080744507e-16
QTL fixation,CV - GW,2X,Chr,2,8,3,positive_QTL,DV,0.0283333333334061,0.00541011292048735,Inf,5.23710572215816,1.63114266438286e-07
QTL fixation,CV - GW,20X,Peri,2,8,3,positive_QTL,DV,0.0266666666665105,0.00541011292048732,Inf,4.92904067963678,8.26343688336834e-07
QTL fixation,CV - GW,2X,Peri,2,8,3,positive_QTL,DV,0.0464285714285733,0.0054101129204873,Inf,8.58181189763251,9.33902681306199e-18
QTL fixation,CV - GW,20X,WT,2,8,3,positive_QTL,DV,0.0314285714283983,0.00541011292048737,Inf,5.80922651528815,6.27621261932021e-09
QTL fixation,CV - GW,2X,WT,2,8,3,positive_QTL,DV,0.0440476190476234,0.00541011292048748,Inf,8.14171897980541,3.89704930990818e-16
QTL fixation,CV - GW,20X,Chr,200,8,3,positive_QTL,DV,-0.0108346598390814,0.00541011292048743,Inf,-2.00266796614391,0.0452129393501003
QTL fixation,CV - GW,20X,Chr,2,2,4,positive_QTL,DV,0.0685714285733239,0.00541011292048719,Inf,12.6746760337765,8.16955162553633e-37
QTL fixation,CV - GW,2X,Chr,2,2,4,positive_QTL,DV,0.0714285714283555,0.00541011292048727,Inf,13.2027875347789,8.45474896072133e-40
QTL fixation,CV - GW,20X,Peri,2,2,4,positive_QTL,DV,0.0811904761899263,0.0054101129204873,Inf,15.007168497809,6.59014456089105e-51
QTL fixation,CV - GW,2X,Peri,2,2,4,positive_QTL,DV,0.0835714285714778,0.00541011292048723,Inf,15.4472614157472,7.87175894620772e-54
QTL fixation,CV - GW,20X,WT,2,2,4,positive_QTL,DV,0.062142857142227,0.00541011292048732,Inf,11.4864251551758,1.5436863589617e-30
QTL fixation,CV - GW,2X,WT,2,2,4,positive_QTL,DV,0.0642857142857566,0.00541011292048731,Inf,11.8825087813446,1.45921039187061e-32
QTL fixation,CV - GW,2X,Chr,200,2,4,positive_QTL,DV,0.0136819787119211,0.00541011292048736,Inf,2.52896361185166,0.0114399887091666
QTL fixation,CV - GW,20X,Peri,200,2,4,positive_QTL,DV,0.0183126993432222,0.00541011292048727,Inf,3.38490150064611,0.000712038005768169
QTL fixation,CV - GW,2X,Peri,200,2,4,positive_QTL,DV,0.017522585370575,0.00541011292048735,Inf,3.23885760391791,0.00120009472565189
QTL fixation,CV - GW,20X,WT,200,2,4,positive_QTL,DV,0.0111142172682519,0.00541011292048731,Inf,2.05434108891959,0.0399426905222872
QTL fixation,CV - GW,2X,WT,200,2,4,positive_QTL,DV,0.0115562555329698,0.00541011292048727,Inf,2.13604701099823,0.0326755821824016
QTL fixation,CV - GW,20X,Chr,2,8,4,positive_QTL,DV,0.0264285714288533,0.0054101129204873,Inf,4.88503138793503,1.03412378415328e-06
QTL fixation,CV - GW,2X,Chr,2,8,4,positive_QTL,DV,0.0166666666661747,0.00541011292048731,Inf,3.08065042470009,0.00206548992260871
QTL fixation,CV - GW,20X,Peri,2,8,4,positive_QTL,DV,0.0223809523809147,0.00541011292048729,Inf,4.13687342756957,3.52070183805967e-05
QTL fixation,CV - GW,2X,Peri,2,8,4,positive_QTL,DV,0.0307142857143169,0.00541011292048719,Inf,5.67719863997794,1.36918446352073e-08
QTL fixation,CV - GW,20X,WT,2,8,4,positive_QTL,DV,0.0195238095237682,0.00541011292048736,Inf,3.60876192617611,0.000307661786567874
QTL fixation,CV - GW,2X,WT,2,8,4,positive_QTL,DV,0.0150000000000313,0.00541011292048731,Inf,2.77258538231772,0.00556129279538001
QTL fixation,CV - GW,20X,Chr,200,8,4,positive_QTL,DV,-0.0184375770887455,0.00541011292048734,Inf,-3.40798378143365,0.000654447843955205
QTL fixation,CV - GW,20X,Chr,2,2,5,positive_QTL,DV,0.134761904758913,0.00541011292048698,Inf,24.9092591484732,5.90574674414597e-137
QTL fixation,CV - GW,2X,Chr,2,2,5,positive_QTL,DV,0.110476190477043,0.00541011292048723,Inf,20.4203113873441,1.10358572614753e-92
QTL fixation,CV - GW,20X,Peri,2,2,5,positive_QTL,DV,0.145714285714751,0.00541011292048726,Inf,26.9336865711164,8.85813098275204e-160
QTL fixation,CV - GW,2X,Peri,2,2,5,positive_QTL,DV,0.103333333333252,0.00541011292048725,Inf,19.1000326336895,2.52329408422806e-81
QTL fixation,CV - GW,20X,WT,2,2,5,positive_QTL,DV,0.104523809524393,0.00541011292048736,Inf,19.3200790927258,3.64092227140902e-83
QTL fixation,CV - GW,2X,WT,2,2,5,positive_QTL,DV,0.112142857142772,0.00541011292048734,Inf,20.7283764296494,1.92164227337221e-95
QTL fixation,CV - GW,20X,Chr,200,2,5,positive_QTL,DV,0.0111142500914735,0.00541011292048724,Inf,2.05434715593192,0.039942103733275
QTL fixation,CV - GW,2X,Chr,200,2,5,positive_QTL,DV,0.0248182735431303,0.00541011292048731,Inf,4.58738549599346,4.48831452148682e-06
QTL fixation,CV - GW,20X,Peri,200,2,5,positive_QTL,DV,0.0252292355398422,0.00541011292048731,Inf,4.66334731097807,3.11107037528617e-06
QTL fixation,CV - GW,2X,Peri,200,2,5,positive_QTL,DV,0.0274273008819513,0.00541011292048736,Inf,5.06963556677123,3.98578151887153e-07
QTL fixation,CV - GW,20X,WT,200,2,5,positive_QTL,DV,0.0224732306344889,0.00541011292048735,Inf,4.15393005003387,3.26813118004045e-05
QTL fixation,CV - GW,2X,WT,200,2,5,positive_QTL,DV,0.0209640064740084,0.00541011292048738,Inf,3.87496652696851,0.000106639357063983
QTL fixation,CV - GW,20X,Chr,2,8,5,positive_QTL,DV,0.0628571428580331,0.00541011292048729,Inf,11.618453030805,3.32095002594567e-31
QTL fixation,CV - GW,2X,Chr,2,8,5,positive_QTL,DV,0.0469047619047393,0.00541011292048736,Inf,8.66983048119336,4.3276419651721e-18
QTL fixation,CV - GW,20X,Peri,2,8,5,positive_QTL,DV,0.0545238095236831,0.00541011292048732,Inf,10.0781278182216,6.90288180435257e-24
QTL fixation,CV - GW,2X,Peri,2,8,5,positive_QTL,DV,0.0566666666666674,0.00541011292048736,Inf,10.4742114442895,1.13479386371116e-25
QTL fixation,CV - GW,20X,WT,2,8,5,positive_QTL,DV,0.0488095238093779,0.00541011292048735,Inf,9.02190481543242,1.84846795673625e-19
QTL fixation,CV - GW,2X,WT,2,8,5,positive_QTL,DV,0.0457142857142919,0.00541011292048727,Inf,8.44978402228518,2.91842195867982e-17
QTL fixation,CV - GW,20X,Chr,2,2,1,negative_QTL,R,0.0261904761849602,0.00541011292048765,Inf,4.84102209508031,1.29173007604041e-06
QTL fixation,CV - GW,2X,Chr,2,2,1,negative_QTL,R,0.0228571428557625,0.00541011292048796,Inf,4.22489201088633,2.39055383439062e-05
QTL fixation,CV - GW,20X,Peri,2,2,1,negative_QTL,R,0.0278571428566733,0.00541011292048701,Inf,5.14908713849278,2.61757262729431e-07
QTL fixation,CV - GW,2X,Peri,2,2,1,negative_QTL,R,0.0178571428571128,0.00541011292048718,Inf,3.30069688369919,0.00096445018306664
QTL fixation,CV - GW,20X,WT,2,2,1,negative_QTL,R,0.0269047619043831,0.00541011292048756,Inf,4.97304997137814,6.5907663070868e-07
QTL fixation,CV - GW,2X,WT,2,2,1,negative_QTL,R,0.0242857142857516,0.00541011292048731,Inf,4.48894776184526,7.15758450076775e-06
QTL fixation,CV - GW,20X,Chr,2,2,2,negative_QTL,R,-0.0278571428579854,0.00541011292048748,Inf,-5.14908713873486,2.61757262391635e-07
QTL fixation,CV - GW,2X,Chr,2,2,2,negative_QTL,R,-0.0257142857140598,0.00541011292048731,Inf,-4.75300351249297,2.00416864809392e-06
QTL fixation,CV - GW,20X,Peri,2,2,2,negative_QTL,R,-0.0321428571426684,0.00541011292048734,Inf,-5.94125439063349,2.82849278570718e-09
QTL fixation,CV - GW,2X,Peri,2,2,2,negative_QTL,R,-0.0266666666666858,0.00541011292048735,Inf,-4.92904067966914,8.26343688199991e-07
QTL fixation,CV - GW,20X,WT,2,2,2,negative_QTL,R,-0.0226190476188224,0.00541011292048732,Inf,-4.18088271931761,2.90379616697046e-05
QTL fixation,CV - GW,2X,WT,2,2,2,negative_QTL,R,-0.0116666666667042,0.00541011292048728,Inf,-2.15645529736067,0.0310481307790268
QTL fixation,CV - GW,20X,Chr,2,8,2,negative_QTL,R,-0.0171428571426827,0.00541011292048733,Inf,-3.16866900832424,0.00153138684350654
QTL fixation,CV - GW,2X,Chr,2,8,2,negative_QTL,R,-0.0207142857143566,0.00541011292048733,Inf,-3.82880838511051,0.000128765209918314
QTL fixation,CV - GW,20X,Peri,2,8,2,negative_QTL,R,-0.0278571428571546,0.00541011292048736,Inf,-5.14908713858142,2.61757262605738e-07
QTL fixation,CV - GW,2X,Peri,2,8,2,negative_QTL,R,-0.0183333333333356,0.00541011292048742,Inf,-3.38871546727048,0.000702208347442159
QTL fixation,CV - GW,20X,WT,2,8,2,negative_QTL,R,-0.0261904761904728,0.00541011292048732,Inf,-4.84102209609956,1.2917300694142e-06
QTL fixation,CV - GW,2X,WT,2,8,2,negative_QTL,R,-0.026428571428572,0.00541011292048728,Inf,-4.88503138788305,1.03412378442611e-06
QTL fixation,CV - GW,20X,Chr,200,8,2,negative_QTL,R,-0.0155950960065278,0.00541011292048735,Inf,-2.88258234822999,0.00394430024143619
QTL fixation,CV - GW,20X,Chr,2,2,3,negative_QTL,R,-0.0561904761916301,0.00541011292048755,Inf,-10.3861928609369,2.86564381088458e-25
QTL fixation,CV - GW,2X,Chr,2,2,3,negative_QTL,R,-0.0392857142854648,0.00541011292048729,Inf,-7.2615331441042,3.82727193039833e-13
QTL fixation,CV - GW,20X,Peri,2,2,3,negative_QTL,R,-0.0569047619047571,0.00541011292048736,Inf,-10.5182207360712,7.12055072009505e-26
QTL fixation,CV - GW,2X,Peri,2,2,3,negative_QTL,R,-0.0376190476190108,0.00541011292048727,Inf,-6.95346810166443,3.56413570440038e-12
QTL fixation,CV - GW,20X,WT,2,2,3,negative_QTL,R,-0.0383333333332857,0.00541011292048736,Inf,-7.0854959770105,1.38547195008804e-12
QTL fixation,CV - GW,2X,WT,2,2,3,negative_QTL,R,-0.0464285714285331,0.00541011292048732,Inf,-8.58181189762505,9.33902681366784e-18
QTL fixation,CV - GW,20X,Chr,200,2,3,negative_QTL,R,-0.0118944004523121,0.00541011292048734,Inf,-2.19854938836298,0.0279099791062474
QTL fixation,CV - GW,20X,Chr,2,8,3,negative_QTL,R,-0.0311904761901306,0.00541011292048731,Inf,-5.76521722347362,8.15527328117021e-09
QTL fixation,CV - GW,2X,Chr,2,8,3,negative_QTL,R,-0.0283333333334398,0.00541011292048736,Inf,-5.23710572216437,1.63114266432794e-07
QTL fixation,CV - GW,20X,Peri,2,8,3,negative_QTL,R,-0.0392857142857167,0.00541011292048737,Inf,-7.26153314415064,3.82727192908384e-13
QTL fixation,CV - GW,2X,Peri,2,8,3,negative_QTL,R,-0.0497619047619057,0.00541011292048731,Inf,-9.19794198259053,3.64870688700988e-20
QTL fixation,CV - GW,20X,WT,2,8,3,negative_QTL,R,-0.0366666666666722,0.00541011292048735,Inf,-6.77743093454123,1.22331597651649e-11
QTL fixation,CV - GW,2X,WT,2,8,3,negative_QTL,R,-0.0200000000000025,0.00541011292048727,Inf,-3.69678050974972,0.000218350969665565
QTL fixation,CV - GW,20X,Chr,200,8,3,negative_QTL,R,-0.0197774724632763,0.00541011292048736,Inf,-3.65564873671707,0.000256532419380077
QTL fixation,CV - GW,2X,Chr,200,8,3,negative_QTL,R,-0.012073669951983,0.00541011292048735,Inf,-2.23168538798177,0.0256357636602058
QTL fixation,CV - GW,20X,Peri,200,8,3,negative_QTL,R,-0.0139587808114051,0.0054101129204875,Inf,-2.58012744217311,0.00987638596656027
QTL fixation,CV - GW,20X,Chr,2,2,4,negative_QTL,R,-0.0361904761901639,0.00541011292048715,Inf,-6.68941235091729,2.24068539324197e-11
QTL fixation,CV - GW,2X,Chr,2,2,4,negative_QTL,R,-0.0426190476191013,0.00541011292048733,Inf,-7.87766322911839,3.33560286750971e-15
QTL fixation,CV - GW,20X,Peri,2,2,4,negative_QTL,R,-0.023809523809408,0.00541011292048728,Inf,-4.40092917825151,1.07788304417398e-05
QTL fixation,CV - GW,2X,Peri,2,2,4,negative_QTL,R,-0.033809523809535,0.00541011292048734,Inf,-6.24931943314955,4.12245026261026e-10
QTL fixation,CV - GW,20X,WT,2,2,4,negative_QTL,R,-0.0264285714285037,0.00541011292048731,Inf,-4.8850313878704,1.03412378449247e-06
QTL fixation,CV - GW,2X,WT,2,2,4,negative_QTL,R,-0.0376190476190702,0.00541011292048731,Inf,-6.95346810167535,3.56413570412418e-12
QTL fixation,CV - GW,20X,Chr,2,8,4,negative_QTL,R,-0.0285714285713372,0.00541011292048728,Inf,-5.28111501391062,1.28400051185305e-07
QTL fixation,CV - GW,2X,Chr,2,8,4,negative_QTL,R,-0.0323809523807638,0.00541011292048733,Inf,-5.98526368241627,2.1603958132401e-09
QTL fixation,CV - GW,20X,Peri,2,8,4,negative_QTL,R,-0.0309523809523961,0.00541011292048733,Inf,-5.72120793175754,1.05769356264228e-08
QTL fixation,CV - GW,2X,Peri,2,8,4,negative_QTL,R,-0.0380952380952567,0.00541011292048735,Inf,-7.04148668524002,1.90199393815107e-12
QTL fixation,CV - GW,20X,WT,2,8,4,negative_QTL,R,-0.0364285714285904,0.00541011292048734,Inf,-6.733421642761,1.65718924586478e-11
QTL fixation,CV - GW,2X,WT,2,8,4,negative_QTL,R,-0.0271428571428708,0.00541011292048736,Inf,-5.01705926323358,5.24683868792565e-07
QTL fixation,CV - GW,20X,Chr,200,8,4,negative_QTL,R,-0.0210641704272542,0.00541011292048738,Inf,-3.89348073447542,9.88160534955897e-05
QTL fixation,CV - GW,20X,Peri,200,8,4,negative_QTL,R,-0.0115026280165766,0.00541011292048731,Inf,-2.12613455312879,0.0334920575971654
QTL fixation,CV - GW,20X,Chr,2,2,5,negative_QTL,R,-0.0528571428581042,0.0054101129204873,Inf,-9.77006277594355,1.51358258158776e-22
QTL fixation,CV - GW,2X,Chr,2,2,5,negative_QTL,R,-0.0492857142855726,0.00541011292048735,Inf,-9.10992339899865,8.2440157488928e-20
QTL fixation,CV - GW,20X,Peri,2,2,5,negative_QTL,R,-0.0583333333334196,0.00541011292048728,Inf,-10.7822764867846,4.17425245839572e-27
QTL fixation,CV - GW,2X,Peri,2,2,5,negative_QTL,R,-0.0611904761904283,0.00541011292048724,Inf,-11.3103879881526,1.16572897859772e-29
QTL fixation,CV - GW,20X,WT,2,2,5,negative_QTL,R,-0.0416666666666993,0.00541011292048743,Inf,-7.70162606198344,1.34345547065477e-14
QTL fixation,CV - GW,2X,WT,2,2,5,negative_QTL,R,-0.0488095238094851,0.00541011292048734,Inf,-9.02190481545224,1.84846795640168e-19
QTL fixation,CV - GW,20X,Chr,200,2,5,negative_QTL,R,-0.0212488862229219,0.0054101129204874,Inf,-3.92762342213877,8.57893983123891e-05
QTL fixation,CV - GW,20X,Chr,2,8,5,negative_QTL,R,-0.0514285714283004,0.00541011292048736,Inf,-9.50600702501928,1.9812168324652e-21
QTL fixation,CV - GW,2X,Chr,2,8,5,negative_QTL,R,-0.046904761904828,0.00541011292048732,Inf,-8.66983048120982,4.32764196454638e-18
QTL fixation,CV - GW,20X,Peri,2,8,5,negative_QTL,R,-0.0530952380952294,0.00541011292048728,Inf,-9.814072067547,9.79348497294667e-23
QTL fixation,CV - GW,2X,Peri,2,8,5,negative_QTL,R,-0.0492857142857155,0.00541011292048723,Inf,-9.10992339902528,8.24401574686972e-20
QTL fixation,CV - GW,20X,WT,2,8,5,negative_QTL,R,-0.0514285714285624,0.00541011292048733,Inf,-9.50600702506777,1.98121683154201e-21
QTL fixation,CV - GW,2X,WT,2,8,5,negative_QTL,R,-0.0426190476190507,0.00541011292048731,Inf,-7.87766322910906,3.33560286775873e-15
QTL fixation,CV - GW,20X,Chr,200,8,5,negative_QTL,R,-0.0229495094406817,0.00541011292048741,Inf,-4.24196496043084,2.21571290898736e-05
QTL fixation,CV - GW,20X,Peri,200,8,5,negative_QTL,R,-0.0172064411045884,0.00541011292048729,Inf,-3.18042180587953,0.00147060821623068
QTL fixation,CV - GW,20X,Peri,2,2,1,positive_QTL,R,-0.0107142857140267,0.00541011292048718,Inf,-1.98041813017497,0.0476565643939737
QTL fixation,CV - GW,20X,WT,2,2,1,positive_QTL,R,-0.0157142857139402,0.00541011292048735,Inf,-2.90461325759623,0.00367707140968636
QTL fixation,CV - GW,2X,WT,2,2,1,positive_QTL,R,-0.0114285714285546,0.0054101129204873,Inf,-2.11244600556789,0.0346482125460863
QTL fixation,CV - GW,20X,Chr,2,2,2,positive_QTL,R,0.089047619047767,0.00541011292048741,Inf,16.4594751267677,7.17196404760532e-61
QTL fixation,CV - GW,2X,Chr,2,2,2,positive_QTL,R,0.0738095238096759,0.00541011292048736,Inf,13.642880452674,2.2259168592839e-42
QTL fixation,CV - GW,20X,Peri,2,2,2,positive_QTL,R,0.0804761904760764,0.00541011292048741,Inf,14.8751406225411,4.77979764118279e-50
QTL fixation,CV - GW,2X,Peri,2,2,2,positive_QTL,R,0.0738095238095262,0.00541011292048733,Inf,13.6428804526464,2.22591686012578e-42
QTL fixation,CV - GW,20X,WT,2,2,2,positive_QTL,R,0.0702380952379868,0.00541011292048741,Inf,12.9827410758848,1.53294545315954e-38
QTL fixation,CV - GW,2X,WT,2,2,2,positive_QTL,R,0.052619047619052,0.00541011292048744,Inf,9.72605348398369,2.33475941462051e-22
QTL fixation,CV - GW,20X,Chr,2,8,2,positive_QTL,R,0.0326190476192642,0.00541011292048738,Inf,6.02927297427383,1.64698897926979e-09
QTL fixation,CV - GW,2X,Chr,2,8,2,positive_QTL,R,0.0328571428570709,0.0054101129204874,Inf,6.0732822660032,1.25321884755972e-09
QTL fixation,CV - GW,20X,Peri,2,8,2,positive_QTL,R,0.0416666666666706,0.00541011292048735,Inf,7.70162606197824,1.34345547070943e-14
QTL fixation,CV - GW,2X,Peri,2,8,2,positive_QTL,R,0.0326190476190494,0.00541011292048708,Inf,6.02927297423446,1.64698897967103e-09
QTL fixation,CV - GW,20X,WT,2,8,2,positive_QTL,R,0.0385714285714217,0.00541011292048737,Inf,7.12950526880076,1.0073032304235e-12
QTL fixation,CV - GW,2X,WT,2,8,2,positive_QTL,R,0.0347619047619078,0.0054101129204875,Inf,6.42535660027877,1.31560736293425e-10
QTL fixation,CV - GW,20X,Chr,2,2,3,positive_QTL,R,0.122142857143611,0.0054101129204874,Inf,22.576766684679,7.33203765846453e-113
QTL fixation,CV - GW,2X,Chr,2,2,3,positive_QTL,R,0.0990476190476684,0.00541011292048734,Inf,18.3078653816243,7.16229799599505e-75
QTL fixation,CV - GW,20X,Peri,2,2,3,positive_QTL,R,0.118095238095115,0.00541011292048738,Inf,21.8286087242105,1.24141861370467e-105
QTL fixation,CV - GW,2X,Peri,2,2,3,positive_QTL,R,0.0973809523809531,0.00541011292048719,Inf,17.9998003391367,1.95522548800092e-72
QTL fixation,CV - GW,20X,WT,2,2,3,positive_QTL,R,0.0957142857141518,0.00541011292048737,Inf,17.6917352966321,4.85567860984261e-70
QTL fixation,CV - GW,2X,WT,2,2,3,positive_QTL,R,0.0995238095238101,0.00541011292048739,Inf,18.3958839651805,1.41730440336194e-75
QTL fixation,CV - GW,2X,Peri,200,2,3,positive_QTL,R,0.0121726160194539,0.00541011292048712,Inf,2.249974482669,0.0244505651789936
QTL fixation,CV - GW,20X,Chr,2,8,3,positive_QTL,R,0.0552380952382016,0.00541011292048741,Inf,10.2101556936126,1.7857805852454e-24
QTL fixation,CV - GW,2X,Chr,2,8,3,positive_QTL,R,0.0445238095237488,0.0054101129204874,Inf,8.22973756335898,1.87624045282253e-16
QTL fixation,CV - GW,20X,Peri,2,8,3,positive_QTL,R,0.0600000000000035,0.00541011292048734,Inf,11.0903415292483,1.39753176695748e-28
QTL fixation,CV - GW,2X,Peri,2,8,3,positive_QTL,R,0.0680952380952407,0.00541011292048702,Inf,12.5866574498617,2.50038884358054e-36
QTL fixation,CV - GW,20X,WT,2,8,3,positive_QTL,R,0.0530952380952379,0.0054101129204874,Inf,9.81407206754836,9.79348497281387e-23
QTL fixation,CV - GW,2X,WT,2,8,3,positive_QTL,R,0.0335714285714316,0.00541011292048708,Inf,6.20531014136561,5.45891387615656e-10
QTL fixation,CV - GW,20X,Chr,200,8,3,positive_QTL,R,-0.0115610724471735,0.00541011292048752,Inf,-2.13693736472541,0.0326030864163605
QTL fixation,CV - GW,20X,Chr,2,2,4,positive_QTL,R,0.100238095237915,0.00541011292048734,Inf,18.5279118404956,1.22967100618675e-76
QTL fixation,CV - GW,2X,Chr,2,2,4,positive_QTL,R,0.0999999999997202,0.00541011292048739,Inf,18.4839025486942,2.78303751217215e-76
QTL fixation,CV - GW,20X,Peri,2,2,4,positive_QTL,R,0.0902380952381385,0.00541011292048732,Inf,16.6795215856623,1.84692080697267e-62
QTL fixation,CV - GW,2X,Peri,2,2,4,positive_QTL,R,0.0938095238095404,0.00541011292048732,Inf,17.3396609623983,2.36125569583526e-67
QTL fixation,CV - GW,20X,WT,2,2,4,positive_QTL,R,0.0792857142857493,0.00541011292048738,Inf,14.655094163655,1.24983248059395e-48
QTL fixation,CV - GW,2X,WT,2,2,4,positive_QTL,R,0.0964285714285966,0.00541011292048747,Inf,17.8237631720094,4.62199996872724e-71
QTL fixation,CV - GW,20X,Chr,2,8,4,positive_QTL,R,0.0419047619042365,0.0054101129204873,Inf,7.7456353536632,9.51050809908374e-15
QTL fixation,CV - GW,2X,Chr,2,8,4,positive_QTL,R,0.0442857142857396,0.00541011292048736,Inf,8.1857282715922,2.70661819730627e-16
QTL fixation,CV - GW,20X,Peri,2,8,4,positive_QTL,R,0.0435714285714594,0.0054101129204872,Inf,8.05370039624528,8.03277081683701e-16
QTL fixation,CV - GW,2X,Peri,2,8,4,positive_QTL,R,0.0490476190476238,0.00541011292048736,Inf,9.06591410724296,1.23563774687066e-19
QTL fixation,CV - GW,20X,WT,2,8,4,positive_QTL,R,0.0464285714286008,0.00541011292048738,Inf,8.58181189763747,9.33902681265895e-18
QTL fixation,CV - GW,2X,WT,2,8,4,positive_QTL,R,0.0392857142857196,0.00541011292048738,Inf,7.26153314415118,3.82727192906878e-13
QTL fixation,CV - GW,20X,Chr,200,8,4,positive_QTL,R,-0.0146144521610157,0.00541011292048733,Inf,-2.70132109547525,0.00690646256255728
QTL fixation,CV - GW,20X,Chr,2,2,5,positive_QTL,R,0.13642857142932,0.00541011292048736,Inf,25.2173241916419,2.58649671605437e-140
QTL fixation,CV - GW,2X,Chr,2,2,5,positive_QTL,R,0.136428571428583,0.00541011292048731,Inf,25.2173241915058,2.58649672494378e-140
QTL fixation,CV - GW,20X,Peri,2,2,5,positive_QTL,R,0.139761904761834,0.00541011292048737,Inf,25.8334542764485,3.73360482696178e-147
QTL fixation,CV - GW,2X,Peri,2,2,5,positive_QTL,R,0.134523809523807,0.00541011292048727,Inf,24.8652498572415,1.76892836928614e-136
QTL fixation,CV - GW,20X,WT,2,2,5,positive_QTL,R,0.118809523809451,0.00541011292048739,Inf,21.9606365995681,6.85322383622305e-107
QTL fixation,CV - GW,2X,WT,2,2,5,positive_QTL,R,0.112619047619041,0.00541011292048733,Inf,20.8163950132295,3.07465105713568e-96
QTL fixation,CV - GW,2X,Chr,200,2,5,positive_QTL,R,0.0107841210137363,0.00541011292048739,Inf,1.99332641891784,0.0462257153040366
QTL fixation,CV - GW,20X,Peri,200,2,5,positive_QTL,R,0.0118951210621907,0.00541011292048742,Inf,2.19868258519066,0.0279005000907239
QTL fixation,CV - GW,20X,Chr,2,8,5,positive_QTL,R,0.0795238095238205,0.00541011292048734,Inf,14.6991034554334,6.53187871463538e-49
QTL fixation,CV - GW,2X,Chr,2,8,5,positive_QTL,R,0.0676190476190152,0.00541011292048732,Inf,12.498638866289,7.59403786419485e-36
QTL fixation,CV - GW,20X,Peri,2,8,5,positive_QTL,R,0.0773809523809541,0.00541011292048733,Inf,14.3030198293872,2.09516918383457e-46
QTL fixation,CV - GW,2X,Peri,2,8,5,positive_QTL,R,0.0709523809523817,0.00541011292048709,Inf,13.1147689512539,2.71006897375745e-39
QTL fixation,CV - GW,20X,WT,2,8,5,positive_QTL,R,0.0733333333333374,0.00541011292048749,Inf,13.5548618690808,7.41516045367202e-42
QTL fixation,CV - GW,2X,WT,2,8,5,positive_QTL,R,0.0609523809523816,0.00541011292048747,Inf,11.2663786963784,1.92318006831873e-29
